title,star,comments
穿著Prada的惡魔2,5.0,我覺得非常好看，演員演技出色，劇情也非常棒。
穿著Prada的惡魔2,5.0,"比起米蘭達的氣場，
小安的理想感，
我更喜歡艾蜜莉.布朗的「高級時尚假掰」"
穿著Prada的惡魔2,5.0,第二集一樣很好看
穿著Prada的惡魔2,5.0,就像見老朋友的感覺，滿滿的回憶，內容很豐富更多了深度，非常好看的續集。
穿著Prada的惡魔2,4.0,"第二集有蠻多第一集的經典元素啦…
沒有不好看也沒有很好看
就沒有超越第一集，有一part會讓我想到「艾蜜莉在巴黎」😹"
穿著Prada的惡魔2,4.5,不失望的續集❤️✨
穿著Prada的惡魔2,4.0,"不錯
米蘭達 安 艾蜜莉 角色們都沒變
對話表情笑點不少"
穿著Prada的惡魔2,4.5,我覺得很好看，但是女主角真的很幸運，因為一般人遇到職場困難時，通常努力不一定會有回報，而且在職場中很重要的一點，我們可能覺得老闆很好，公司遇到難題，想幫忙，可是老闆可能和我們想的不一樣，我們的熱心幫忙可能換得的是老闆的刁難，這是我的經驗啦！整體很好看
穿著Prada的惡魔2,0.5,說實在的，不好看也沒什麼笑點，約1/3坐滿，現場觀眾反應很安靜。沒什麼劇情，還是維持第一集就好了。感覺過了這麼多年，女主角還是聽梅姨的吩咐照做，沒有變的強大，有些失望的續集
穿著Prada的惡魔2,5.0,👍
穿著Prada的惡魔2,5.0,很好看而且整部片內容讓人會想要回去重新看第一集，值得看
穿著Prada的惡魔2,5.0,"非常好看。
哪有辱華和種族歧視呢？
到底是多麼自卑的人，才有這種想法。"
穿著Prada的惡魔2,4.0,雖然沒有特別驚艷，但原班人馬的演出還是給人回憶滿滿
穿著Prada的惡魔2,3.5,搶頭香首映看完有點失望，趁5/1連假二刷後覺得還不錯，值得仔細反覆推敲及探究背後真實意義，忠實反映全球當前職場環境與時代趨勢。
穿著Prada的惡魔2,4.5,超級好看！！！！推！！！！
穿著Prada的惡魔2,2.5,"過多期待，失落感頗重
感情線過多導致整部戲不夠凝聚焦點
雖然時代變遷會有不同的上班文化
但是這集的米蘭達真的少了很多霸氣
更多的是不得不低聲下氣
小安仍舊沒有自我
艾蜜莉的復仇也是草草結案
致敬第一集的換裝這集並沒有驚豔
或許留在第一集就是最好的"
穿著Prada的惡魔2,4.5,果然是時尚的殿堂，對流行有敏感度的人看的會更爽。
穿著Prada的惡魔2,4.5,很好看 20年後原班人馬再相聚，劇情也蠻精彩！
穿著Prada的惡魔2,5.0,很好看耶，沒冷場！
穿著Prada的惡魔2,5.0,是好看的～演員演技精湛，劇情有內容沒有冷場，還有讓人會心一笑的笑點！不輸第一集，值得進電影院一看！
穿著Prada的惡魔2,2.5,"除了梅姨，其他人都顯老。
沒第一集好看。"
穿著Prada的惡魔2,3.5,就是不錯
穿著Prada的惡魔2,4.5,續作保留了角色的本性，歷經幾年職涯生活，面對了各式各樣的問題，每個人處理的方式，展現了自己想表現的樣子，個人覺得這部電影都展現了，是部不錯的作品喔！
穿著Prada的惡魔2,5.0,"太好看了！劇本的敘事架構跟一些拍攝手法好像都回到當初看第一集的那種感覺！
絕對不是一個只賣情懷的續集，也帶出了一些角色所追求的不一樣的心境成長
梅姨真的太會演太會演 看完我都要哭了"
穿著Prada的惡魔2,5.0,20年後能夠重溫四人的合體，已經是最大的恩典，很多向第一集的致敬，非常感動！真的毋需太在意劇情的合理性，而是時尚、華麗與回味，值得珍藏！
穿著Prada的惡魔2,5.0,好看
穿著Prada的惡魔2,5.0,裡面有好多驚奇的小細節，等大家去細細品嚐，真的很好看😍
穿著Prada的惡魔2,4.5,"好看 不會失望
今下午去看幾乎滿座"
穿著Prada的惡魔2,4.5,老班底全數回歸，整個回憶滿滿，氣場、排場、態度、精神完整的重現。
穿著Prada的惡魔2,3.0,哦
超級瑪利歐銀河電影版,5.0,好好看，耀西可愛破表，背景音樂和電動畫面都很棒
超級瑪利歐銀河電影版,5.0,"首映當天沒什麼人，看杜比影廳。
畫面很美，劇情還不錯。
有一些別的電影梗（星際異攻隊）🦊
機器人🤖（動物方城市）🦥
各式各樣的關卡、遊戲元素👍
有玩過的人看好看滿～
彩蛋有兩個～
1.白色星星（第一集有出現喔😌）
2.黛西公主👸（字幕全部跑完）
這集耀西戲份很多😍😍可愛😻"
超級瑪利歐銀河電影版,5.0,"真的太好看了！非常適合帶小朋友一起觀賞
有趣刺激好玩"
超級瑪利歐銀河電影版,4.0,"第一集劇情比較好
第二集很多彩蛋
期待第三集"
超級瑪利歐銀河電影版,4.5,耀西🦖 好可愛
超級瑪利歐銀河電影版,5.0,"小恐龍耀西很搶眼
看了都想養一隻"
超級瑪利歐銀河電影版,5.0,"跟孩子第一次看瑪力歐電影
比想像中更好看👍"
超級瑪利歐銀河電影版,3.0,畫面華麗但劇情不是很好😓😓
超級瑪利歐銀河電影版,5.0,"好好看好可愛😻
期待第三集！"
超級瑪利歐銀河電影版,4.5,好看 喜歡任天堂的一定推薦
超級瑪利歐銀河電影版,5.0,意外加入了一些任天堂其他IP的角色，看到遊戲畫面融入滿滿的感動。
超級瑪利歐銀河電影版,4.0,願下一部不要太久
超級瑪利歐銀河電影版,5.0,"超越上一集
大推
出現很多遊戲上的景典橋段
音樂配樂也超棒"
超級瑪利歐銀河電影版,4.0,"續作加上我沒玩過銀河瑪利歐，整體新鮮感就不如第一集，是還行但比較喜歡第一集。
耀西很可愛，但感覺就只是為了讓他出場而出場..."
超級瑪利歐銀河電影版,4.5,劇情很亂，但特效滿分，爽就好了
超級瑪利歐銀河電影版,5.0,"耀西出場真的可愛
我不知道碧姬公主那麼強
我個人感覺娛樂效果不錯"
超級瑪利歐銀河電影版,5.0,"好看，超強ip,每場都坐很多人
耀西有夠可愛"
超級瑪利歐銀河電影版,4.0,可愛~但劇情普通（對於大人而言）
超級瑪利歐銀河電影版,4.5,有可愛的耀西實在太棒了！但是電影院外主角們乘船的夢幻畫面並未出現在電影中
超級瑪利歐銀河電影版,5.0,好看 耀西意外的有點屁 哈哈
超級瑪利歐銀河電影版,5.0,好看好笑👍
超級瑪利歐銀河電影版,5.0,玩家覺得看得很爽，劇情真的不重要，看的是情懷
超級瑪利歐銀河電影版,5.0,將電影裡融入遊戲片段，讓玩家們彷彿回到遊戲之中的快感，可愛的角色讓人越看越喜歡。 影片傳遞正向積極的生活態度，讓觀影者除了看電影也有重新思考人生的生活態度
超級瑪利歐銀河電影版,5.0,太精彩了。。。可惜沒有賀喜剛
超級瑪利歐銀河電影版,5.0,耀西超可愛
超級瑪利歐銀河電影版,5.0,真神做啊
超級瑪利歐銀河電影版,5.0,很好看，我覺得幾乎沒冷場，有明星大亂鬥的感覺，期待下一部，不知道會不會發展任天堂宇宙呢？
超級瑪利歐銀河電影版,5.0,"雖然沒看過!
有看預告片!
我也剛看完馬力歐大電影(線上有播過的)
但這個新作的劇情也很棒
預告中的小庫巴真的很可愛!❤️❤️❤️"
超級瑪利歐銀河電影版,5.0,超級瑪利歐銀河電影版！我特別喜歡粉紅色穿著裙子黛西公主👸👸👸👸👸！我看過第一集超級瑪利歐電影非常好看！非常的棒！非常的讚！非常適合大小朋友去看這部電影喔！我還沒有去看這部電影！我玩過超級瑪利歐賽車遊戲！這個遊戲特別好玩！我每一次都選擇黛西公主賽車遊戲都第一名喔！
超級瑪利歐銀河電影版,3.5,"由環球影業旗下照明娛樂攜手任天堂推出的《超級瑪利歐兄弟電影版》，在2023年成功將經典遊戲角色推向大銀幕。
時隔三年，本次續集《超級瑪利歐銀河電影版》不僅延續熱度，更作為《超級瑪利歐系列》40周年紀念作品，正式把舞台拓展至宇宙等級。
本片由亞倫·霍爾維斯與麥可·傑勒尼克執導，並由克里斯·梅勒丹德利與宮本茂擔任監製。
配音陣容同樣豪華，包括克里斯·普瑞特、查理·戴、安雅·泰勒-喬伊、傑克·布萊克等人，再次為角色注入鮮明靈魂。
華特·迪士尼曾說：「我只希望我們永遠不要忘記，這一切都是從一隻老鼠開始的。」那麼對任天堂來說，一切，或許正是始於一位水管工人——瑪利歐。
即使我平常多半遊玩Steam上的遊戲，也不得不佩服宮本茂帶領任天堂走出的獨特道路。
40年過去，任天堂早已不只是遊戲公司，從主題樂園到影視產業全面擴張，未來甚至有機會在娛樂版圖上與迪士尼一較高下。
或許遊戲改編電影仍常被影評質疑，但只要觀眾買單，那它的價值就已經成立。
這次故事直接拉到宇宙舞台，世界觀大幅擴張。
新角色的加入讓整體更加豐富，特別是羅潔塔對抗Megaleg的橋段，氣場直接拉滿，也讓整體情緒多了層次。"
麥可傑克森,5.0,"身爲MJ迷
能再次從任何一個地方看到他的影子
每一個畫面場景
音樂 舞蹈都讓我格外珍惜
從頭到尾都好感動 甚至有點想哭
真的是史無前例的超級巨星
看完電影整個又讓我熱血沸騰起來
回家又再度 重頭到尾把他追一次
拜託續集一定要出
即使出了 1.2.3.4.5.6.7.8.9.10 集
我通通都會去看
*要演MJ這角色真的太難演，因為他舉手投足都太獨一無二，電影看完真心覺得能演他的人很強。"
麥可傑克森,5.0,知道他是巨星，但對其不太了解！原只是想了解其成長歷程，不曉得這麼好看！超出想像！必推
麥可傑克森,5.0,"大概電影開始20分鐘，就非常感動。
畫面/劇情都很可以，活在有麥可的年代真的很感恩。
必須進IMAX，視覺聽覺都很享受的一部好作品。
看完意猶未盡，再播2小時都不夠！"
麥可傑克森,5.0,"進場看之前，對於他的過去大概印象是醜聞之類的，在他最輝煌的時期是我未出生的年代，一直很好奇他是個什麼樣的人，整場電影無冷場，很喜歡最後結局的一句話，希望他能在他期許的天堂島及成為他認為的彼得潘
很好看"
麥可傑克森,5.0,"非常可以，不是那個年代，也沒瞭解過他小時候的歌曲，但卻是個感人的電影，付出與努力都在掙扎與淚汗水交織中，音樂充滿了靈魂觸動內心深處，歌詞製作充滿對時事、流行與世界和平的期待！
至今不敢相信那節奏仍然澎湃在腦海！
非常推薦... 不認識他也沒關係~就當去見證巨星誕生和聽歌都值得"
麥可傑克森,5.0,MJ值得二刷三刷👍
麥可傑克森,5.0,"一個時代的巨星的成長歷程，雖有一個不快樂的童年，但他一直盡力變成自己想成為的那個樣子，也用自己音樂創作與表演的影響力想為社會和世界帶來和平，難怪會受那麼多人愛戴。
似乎還會有續集，畢竟經典歌曲很多要在兩小時演繹全部很難～演員們也很用心，相信下了不少功夫和心力。"
麥可傑克森,5.0,"實際看之後，其實很好看
音樂經典、也呈現Micheal的傳奇！
跟國外的影評說的評論天差地遠"
麥可傑克森,5.0,真的太感動了，這一輩子在這個世紀能有一個麥可傑克森是何等榮幸，雖然這部只有演到前半生還沒有出來他更後面的部分，但真的很精彩，非常值得反覆刷，有夠感動而且長得真的好像麥可😭他的姪子至少有7分相像表演也很有誠意！好懷念他，真捨不得巨星的殞落，還記得當時他離開這個世界時那消息令人多麼震驚痛心，不會再有一個像天使般充滿愛且善良又才華洋溢的他出現了無可取代，有一部片能紀錄他的成長覺得太好了🥲
麥可傑克森,5.0,MJ forever!!!
麥可傑克森,5.0,永遠的巨星，歌曲好聽，男主角還原度很高，劇情也很不錯。
麥可傑克森,5.0,"這評價是對時代巨星的致敬
也是對我錯過你的輝煌時代，但處在社會新聞記者攻擊你的不幸的遺憾"
麥可傑克森,5.0,"跟著劇情成長，心疼，欽佩。
巨星註定與眾不同～
但善良的心肯定不會騙人～
喜歡周遭的人都很親和
那個年代，人性良善很難得。
姪子詮釋的很棒👍愛家人的麥克肯定很欣慰💖"
麥可傑克森,5.0,好看，但最後總感覺還可以在演久一點，好像沒看完，後來去查一下，麥可感覺真的有可能還在這世上過著自己想要生活與自由，從很小就開始紅到大，到底有多少時間是屬於自己的
麥可傑克森,5.0,"電影不管內容如何，麥可本身就是滿分的存在，
這是個充滿音樂與愛的他🫶
這就夠了～"
麥可傑克森,4.5,幾乎神還原 劇情從前十分鐘就沒有冷場 一路引人入勝進入麥可的故事和演出 身為麥可迷真的很感動 好像親臨現場感受麥可經典的演出 而且很大機率感覺會有續集
麥可傑克森,4.0,雖然看之前已經知道，主角跟飾演者有親戚關係，但是很多地方真的覺得是完全美化的版本，尤其是在膚色方面，其實在後期報導有關於麥可的心理方面的處理，整個是到他登上輝煌年代為止，但是整個氛圍，舞台，服裝，有考究過，所有選曲都超經典，所有最初的MTV的感動都在，但是珍妮傑克森完全消失是怎麼了？
麥可傑克森,4.5,二刷了，整片感人，歌曲動聽，男主講話聲音模仿的超級像麥可，原音重現，永遠的神，無人能超越🥰
麥可傑克森,5.0,"強推👍👍
超級感動
姪子演得真棒！仿佛又看到Michael 本人😍
（像參加了一場演唱會）
在有Michael 的年代長大，真好❤️❤️"
麥可傑克森,5.0,沒看過麥可演唱會的歌迷，在看過IMAX後，有一種壓倒性的臨場感，也是一個時代的現場。劇情和演技就也不必糾結了...
麥可傑克森,5.0,看了這部片才知道為何家裡蓋遊樂園及動物園，而且必要看IMAX才震撼，非常推薦
麥可傑克森,5.0,導演對於這位音樂界、曾經風迷全球的世界超級巨星怎樣的掘起、獨特的唱腔、獨一無二的舞步拍的唯妙唯肖、男主角更是他的姪子演的、來自音樂世家傑克森家族成員，很佩服他的努力，把麥可傑克森獨特的舞台魅力演的10分成功，非常好看！
麥可傑克森,5.0,MJ的電影，沒有什麼可說，就是看爆！
麥可傑克森,5.0,"真的太傳神啦！永遠的世界超級無敵巨星！
無可取代！"
麥可傑克森,4.5,"可能礙於一些法律問題，感覺電影有些部分剪輯上？！有點點不順。
但有把內心細節與經典呈現到位！期待它的下一集！"
麥可傑克森,5.0,我不是MJ迷，但這個電影我看過後內心非常澎湃不已，太嗨了，MJ他們五兄弟的舞步有夠精湛，不管是大MJ還小MJ的飾演者歌聲有夠好聽的，我觀看時被他們的氣場給弄嗨到一整個過癮萬分，宛如自己就在現場看他們演出演唱一樣的嗨，我必須說千萬不要聽信國外影評人的廢評論，喜歡音樂電影的，拜託，快來看！超爽Der!嗨到爆！ 👏👏👏👍👍👍
麥可傑克森,5.0,無法超越的傳奇人物
麥可傑克森,5.0,比預期的更好看，還想要二刷，期待續集！
麥可傑克森,5.0,沒有第二位可以超越的一代巨星，很像在戲院看演唱會，飾演麥可小時候那位小男孩唱歌跳舞都好厲害！期待第二集！
麥可傑克森,5.0,"很好看～ 很值得買票進場～
覺得選角也選的很好👍
他侄子真的把他演繹的很好、很到位
很多地方都感覺看到了MJ的影子在～"
祭弒,3.0,打3顆，沒看過，上映前聲量挺高的，真的有期待感，不過目前看來感覺反響很差。
祭弒,0.5,無言，完全睡著了
祭弒,4.0,"一言難盡
誠心建議有閒錢可以去看"
祭弒,0.5,"小曹演的鬼片都爛到爆
黃衣小飛峽也是他演的
雷到爆"
祭弒,0.5,超級雷
祭弒,0.5,雷
祭弒,4.5,還可以。加減看
祭弒,0.5,不要跟我說這也有文化部補助
祭弒,3.0,我看宣傳片感覺應該很讚！怎麼大家分數給這麼低@我不敢去看！我相信一定很尷尬，不然不會這樣！又沒說原因，但真心好奇😯
關於我轉生變成史萊姆這檔事 劇場版 蒼海之淚篇,5.0,哥布達的春天居然🤣😭
關於我轉生變成史萊姆這檔事 劇場版 蒼海之淚篇,4.0,"劇情差不多單純，就是出現反派然後出任務打敗他們
但看了好久的開會終於打戲給好給滿！
本集的主角應該是哥布達無誤
（片尾彩蛋好看🤩）"
關於我轉生變成史萊姆這檔事 劇場版 蒼海之淚篇,3.0,普通
關於我轉生變成史萊姆這檔事 劇場版 蒼海之淚篇,5.0,哥布林出頭天啦~~~~
動物農莊,5.0,👍🥰🥰
動物農莊,5.0,讚
動物農莊,5.0,"充滿政治寓言意味的成人動畫, 劇情絕對是滿分!"
動物農莊,5.0,這部經典寓言不僅是兒時必看的讀書心得素材，更是成年後看清現實的警世燈。它深刻揭露理想如何被權力扭曲，當爭取平等的革命淪為特權階級的遊戲，提醒我們若缺乏獨立思考與制衡，自由終將在謊言中消逝。
動物農莊,5.0,"好看！
因為是Andy Serkis導演～所以來支持一下👍"
動物農莊,5.0,好看👍
動物農莊,5.0,豬豬這麼可愛，以豬為主題的動畫都不會錯過。^__^
動物農莊,4.0,是部政治諷刺預言片，看到戲院開了一堆國語場，英文寥寥可數，大概意圖想推成家庭片，但小朋友應該看不懂，內容也不歡樂，在成人看來甚至有點抑鬱，家長如果抱錯誤期待帶小朋友進去看，可能不太適合...
動物農莊,5.0,👍👍👍
動物農莊,5.0,發人深省
動物農莊,5.0,好看!
動物農莊,5.0,好片
動物農莊,5.0,適合大小朋友一同欣賞
動物農莊,5.0,😄
動物農莊,5.0,適合大人看的動畫片
動物農莊,5.0,充滿寓意
動物農莊,0.5,一家人一起睡
動物農莊,5.0,"妥妥是在講習近平！特別是豬的形象跟他根本是形象代言
😂整個就是共產黨主義的笑話，特別是豬的體現，根本是習近平本人，長得像豬不是本事
有本事的是小學生學歷還可以當領導人，還可以出書🤔
真的滿要臉的畜生"
死亡賭局,5.0,"本人因為很喜歡春風 所以可能有不同見解
但真的私心覺得演得很好
已經有把他這個角色該詮釋的情緒詮釋好
也很完整表達以前發生在台灣的老人會事件
讓我們更清楚以前曾經發生的事
這故事不僅包誇了講述以前發生的事
還在表達男主角對於這種兩難的抉擇
會做出什麼樣的決定
有些時候人的想法真的不只是表面上的以為
有時候身邊最親的人也可能是傷最重的人
在殘酷的事情都有可能發生
在最後幾幕有稍微鼻酸流眼淚
雖然這部沒有到「非常驚艷」
但我覺得是可以去嘗試看看 也可以了解以前發生過的事情！！！"
死亡賭局,4.0,"上次看到走心是小雁與吳愛麗
可能蠻多人會無感的
如果小雁與吳愛麗是一個家庭社會的縮寫
這部也是一個縮寫
加了是人性和社會的縮寫
多的是有錢跟權的人比你更了解遊戲規則
生下來的那刻已經在人生遊戲中了
沒得選擇家庭
只能選擇怎麼過自己的生活
商業也不商業
論電影中抓馬的部分非常商業
不走煽情路線
現實的抗爭、在選擇間的猶豫
比你我想像的都還貼近我們的生活"
死亡賭局,5.0,"台味十足的國片
春風展現了絕佳的演技
真實事件改編
劇情考驗人性、發人深省
值得一看！"
死亡賭局,5.0,沒看過這樣的國片
死亡賭局,4.0,有點黑暗，兩難的處境讓人頗不舒服，以情境跟劇情來講，會有這些感覺，這電影應該算成功吧...
死亡賭局,4.5,猛！
死亡賭局,5.0,"節奏很讚
演員也很讚
雲林六輕的夜晚畫面好獵奇
重要的是，最怕的國片尷尬感完全沒有
在看到電影宣傳之前完全不知道有老人會的存在🤯
但是了解之後，好像也可以理解家中長輩想要藉由這種方式想要留點錢給後代的想法。
除了老人會的局，電影裡還有職棒簽賭、長照等議題。雖然說都是自己選的，但在那個環境下，如果設身處地，我們有辦法做出不一樣的選擇嗎？"
死亡賭局,5.0,題材大膽 風格強烈
死亡賭局,5.0,台灣難得一見的好片，希望票房長紅！
死亡賭局,5.0,"喜歡節奏適中、情感收放恰到好處的劇，死亡賭局就是這樣的。絕對是近期看過最厲害的國片，完全不還好，大家千萬不要被春風呼嚨了！
在陽剛肅殺的氣氛下，畫風突變出一個反差萌的場景；在緊張到屏住氣的地方，忽然讓人噗嗤一笑；在終於可以鬆一口氣的地方，讓人的心突然揪了起來。
畫面獵奇，飆電子花車榮登第一名。各種物件、對話上前後呼應的巧思，一旦發掘就想要再再回想有沒有漏掉的細節。人物互動詭譎多變，只能自己抽絲剝繭理解每個獨立角色的利益算計。
不灑狗血，不刻意催淚，真實社會事件改編的劇情，引導觀眾了解並思考「老人會」的起源和衍生的問題；每個必須做決定的場景都值得思考，如果我是他/她，會做出不一樣的選擇嗎？
所以，請大家一定要選擇進戲院支持！"
死亡賭局,4.5,"有別於過去國片的拍攝手法 蠻驚艷的
再來是主角的帶入感
推薦大家快進戲院看"
死亡賭局,5.0,好酷好喜
死亡賭局,4.5,不一樣的國片
死亡賭局,5.0,把麥寮拍的十分奇幻！只能說 幸福，快樂！有看就懂！
死亡賭局,5.0,真摯的兄弟情，帥氣！
死亡賭局,5.0,"一部看完會一直讓我想起家人的片，覺得怎麼會有人這麼邪惡，覺得自己能操縱生死
希望能有更多人可以了解這樣的事情！
本片的拍攝風格也非常特別，把台灣的特色利用詭譎的燈光融入在故事之中，不是矯情造作的販售台灣感性，而是自然而然的讓人身歷其境
最後希望大家支持國片，讓有質感的國片可以被更多人看到"
死亡賭局,0.5,"超級大爛片，這是今年至今，我看過品質最低落的國片。
從頭到尾都不知局情在演什麼？ 先說：光是螢幕太近拍攝、根本就看不清楚畫面、打鬥不知在打什麼、追車不知在追什麼？
再加上螢幕晃來晃去，讓人頭暈，整部電影都在晃動。"
死亡賭局,5.0,春風詮釋的非常好👍
死亡賭局,5.0,沒看電影不知道如此沉重的社會問題，整部片節奏鮮明、緊張刺激，有幾場畫面拍攝手法迷幻令人印象深刻，同時又帶出人性兩難、親情、愛情、金錢和政治糾葛等等議題，非常值得進戲院好好觀賞!
死亡賭局,4.5,超好看的一部電影！也值得二刷品嚐
死亡賭局,4.5,還不錯。
死亡賭局,4.5,該看
死亡賭局,4.5,劇情拍攝緊湊、剪接俐落、毫無冷場，真的好看～
死亡賭局,5.0,全程無冷場，一氣呵成又留有餘韻的好電影
死亡賭局,4.5,好久沒看到這麼有深度的國片了，值得去看看
死亡賭局,5.0,"整個電影的色系、光線 我都好喜歡⋯
映後聽拍攝團隊說是第一部電影
但我覺得整部片看起來很純熟
整體滿驚豔的！！"
死亡賭局,5.0,好看！
死亡賭局,0.5,爛到爆...劇本寫的沒頭沒尾！
死亡賭局,4.5,干！怎麼這麼好看！國片真的有望！環環相扣，大推
死亡賭局,1.0,真的別看，沒看過這麼爛的片
狸想世界,5.0,影片後面有兩段彩蛋，最後一個要字幕全跑完才會出來，好多口碑場的人以為一個就離開了，記得ㄛ！
狸想世界,5.0,"沒有抱什麼預期心理去看，結果反而超可愛😍
到現在還是會不時想起可愛的河狸王🤣"
狸想世界,5.0,不知道是因為太久沒看皮克斯，還是現在的皮克斯已經大改路線了，我覺得這次的《狸想世界》題材蠻深的，也很值得省思。它不是只有可愛動物，裡面融入了很多社會議題，有些甚至要仔細觀察才會發現。原本我只是為了那隻迷因蜥蜴去看，但看完之後，留在心裡的已經不只有牠了，反而從故事中看見了很多讓人思考的事情。真的很推薦這部片，但要試著用不同角度去看，會發現比想像中更多的內容，而且會有很多意想不到的收穫。
狸想世界,4.5,看完真的太喜歡了🦫🦫🦫🪵🪵🪵❤️❤️❤️🥔
狸想世界,5.0,喜歡河狸王❤️很善良
狸想世界,4.5,超級可愛，好多笑點，也有讓我感人落淚的環節。真的好愛這種又可愛又好看又娛樂好笑又感人的電影。
狸想世界,4.0,前面以為就只是很中規中矩的動畫片 結果沒想到後面整個哭出來
狸想世界,5.0,好笑又感人，適合闔家觀賞，人類為了自身利益而破壞小動物們的棲息地，令人省思
狸想世界,5.0,"真的特好看！
口排場就去看了
今年如果要進電影院看一部，可以考慮這部！"
狸想世界,5.0,"喜歡這次的劇情💖
從頭到尾都精彩，沒有冷場。
任何物種都要和平共處、相互制衡。
片尾兩個彩蛋，一個要等全部字幕跑完～
可看可不看（ 螞蟻🐜幫阿公運送）
主角是女孩，但我覺得畫風跟配音很像男孩😝
整體給十分，適合全家觀賞👍👏"
狸想世界,5.0,"開心 又感人的劇情 很值得闔家觀賞。
角色們鮮明又可愛😻
🦫🐻🦎🪵❤️❤️❤️"
狸想世界,5.0,不錯看
狸想世界,5.0,超好看，我的最愛是阿廢
狸想世界,5.0,一開始只是被可愛吸引，但看到後來是令人省思的劇情，好看👍
狸想世界,4.5,"意外的不分年齡大家都適合去看
好笑可愛環境議題都表達得很清楚👍"
狸想世界,5.0,好看喔
狸想世界,5.0,很可愛，劇情也有趣，不過的確現在其他物種的生活空間都被人類佔領，值得深思
狸想世界,4.5,"本來覺得應該普通的動畫
沒想到好笑又感人
河狸🦫超可愛！"
狸想世界,4.0,"那個陪伴我無數童年的皮克斯動畫工作室，曾在《料理鼠王》裡告訴我——「料理非難事，人人都有機會成為食神」；也在《Cars 3：閃電再起》裡提醒我——「不要畏懼失敗，你應該要擔心沒有機會嘗試」當我期待再次遇見那份童年的魔法時，這次的主角，卻變成了一隻河狸。
由丹尼爾·鍾執導的《狸想世界》，大膽地將類似《熊熊遇見你》的美式幽默，融入皮克斯一貫細膩又奇妙的敘事之中。
故事在動物與人類的視角之間來回穿梭，看似荒誕，卻在不知不覺中，讓我們與這個世界重新建立連結。
《狸想世界》在可愛與瘋狂的外表之下，其實講的是一個關於「理解與被理解」的溫柔故事。
如果你喜歡《熊熊遇見你》那種帶點ㄎㄧㄤ、卻又真誠的幽默，那你一定會愛上《狸想世界》裡，那份剛剛好的溫暖。"
狸想世界,5.0,👍👍👍
狸想世界,5.0,適合全家一起看的電影！超級好看又好笑！
狸想世界,4.5,"意識移轉這種事不是只有阿凡達，也不是只有人類可以移轉，連毛毛蟲也來参一腳。
但這不是重點，不要干預自然才說故事的主軸，擇善固執則是打破主軸的主軸。皮克斯動畫小孩的角度有他們想要的歡樂，成人的視角有另一番的弦外之音。很推"
狸想世界,5.0,畫得超級可愛😍
狸想世界,5.0,Good
狸想世界,5.0,"老實說上個禮拜搶先口碑場，我有過去欣賞3D版本的Movie哦!🤭
這次決定2刷這部最新動畫Movie，最好笑的是喬治國王向梅寶抗議森林出現惱人噪音的時候，連同許多動物來模仿不同聲音的畫面真是笑死我了！😂
而且這次邀請傳奇奧斯卡金像獎影后梅莉史翠普，由她親自配音昆蟲女王展現霸氣十足真是Surprises Me!!🏆🪩🎊🎉🌈♥️💋
當然還有梅寶變成河狸，和阿廢還有蜥蜴湯姆拯救傑瑞市長免遭毒手，使用文字轉語音完整表達每句話真的蠻有趣哦！😍😍😍😍😍😍🥰🥰🥰🥰🥰🥰♥️♥️♥️♥️♥️♥️💋💋💋💋💋💋"
狸想世界,5.0,超好看！
狸想世界,5.0,以為是皮克斯療癒搞笑喜劇，結果我竟然還看到哭🤣
狸想世界,4.5,❤️🦫❤️
狸想世界,4.0,"整部電影都圍繞著「可愛」
真的會被河狸給萌暈～🦫❤️
突然其來的橋段會讓人腦洞大開
不過整體劇情稍嫌公式化
大部分發展都在預料之內
探討的議題重要但也不算新穎
中規中矩的故事靠著強大「萌力」加不少分"
狸想世界,5.0,超好看
狸想世界,4.5,差點錯過這部片了、皮克斯風格依舊、每個年齡觀看應該都有不同的體認跟想法，還是一部好作品
狸想世界,5.0,值得去電影院看
狸想世界,5.0,國小以上的小朋友或大人都會看得很開心！
狸想世界,5.0,好看
狸想世界,5.0,"好笑又好看
每一隻動物都做的好可愛好精緻！"
狸想世界,5.0,很感人，我愛動物們❤️
狸想世界,5.0,好看❤️
狸想世界,5.0,河狸國王超可愛👑
狸想世界,5.0,超級好看，全場爆笑 小動物都超級萌，細膩流暢的劇情。親情與小動物的感情互動，完全不是無腦動畫，那種看一眼就猜到結局的劇情！去看吧 絕對值得票價！👍
狸想世界,5.0,好看，沒什麼冷場，有些片段真的很好笑，值得帶孩子去看一下
狸想世界,4.5,👍感動搞笑好看🤩
狸想世界,5.0,只有皮克斯才能超越皮克斯，好多驚喜好喜歡❤️
狸想世界,4.5,主角設定不好，太中二！反觀動物們卻很討喜
狸想世界,5.0,好看
狸想世界,5.0,好看
狸想世界,5.0,"很感人~
蜥蜴Tom很好笑
想一直看到他
阿廢也很可愛喔！推爆
劇情完美"
狸想世界,5.0,❤️❤️❤️🦫🦫🦫🪵🪵🪵🥔🥔🥔🍞🍞🍞🤣🤣🤣
狸想世界,5.0,好看又可愛的動畫電影👍👍👍👍😍😍😍😍😍
狸想世界,5.0,太棒了 很好笑 也有發人深省的部分
狸想世界,5.0,"太可愛
太療癒
大人小孩都很適合。
真的好喜歡皮克斯的動畫"
狸想世界,5.0,超級無敵好看！
狸想世界,5.0,🦫🦫🦫🪵🪵🪵❤️❤️❤️
狸想世界,5.0,神作中的神作
狸想世界,5.0,好看
狸想世界,4.5,"中文版不會讓你失望。皮克斯越來越畫進打人的心坎里
動畫劇情越來越符合小孩大人劇情"
狸想世界,3.5,🦫🦫🦫❤️🪵🪵🪵❤️🦫🦫🦫❤️🪵🪵🪵❤️🦫🦫🦫❤️🪵🪵🪵❤️🦫🦫🦫❤️🦫🦫🦫❤️🪵🪵🪵❤️🦫🦫🦫❤️🪵🪵🪵❤️🦫🦫🦫❤️🪵🪵🪵❤️🦫🦫🦫❤️🦫🦫🦫❤️🪵🪵🪵❤️🦫🦫🦫❤️🪵🪵🪵❤️🦫🦫🦫❤️🪵🪵🪵❤️🦫🦫🦫❤️🦫🦫🦫❤️🪵🪵🪵❤️🦫🦫🦫❤️🪵🪵🪵❤️🦫🦫🦫❤️🪵🪵🪵❤️🦫🦫🦫❤️🦫🦫🦫❤️🪵🪵🪵❤️🦫🦫🦫❤️🪵🪵🪵❤️🦫🦫🦫❤️🪵🪵🪵❤️🦫🦫🦫❤️🦫🦫🦫❤️🪵🪵🪵❤️🦫🦫🦫❤️🪵🪵🪵❤️🦫🦫🦫❤️🪵🪵🪵❤️🦫🦫🦫❤️🦫🦫🦫❤️🪵🪵🪵❤️🦫🦫🦫❤️🪵🪵🪵❤️🦫🦫🦫❤️🪵🪵🪵❤️🦫🦫🦫❤️🦫🦫🦫❤️🪵🪵🪵❤️🦫🦫🦫❤️🪵🪵🪵❤️🦫🦫🦫❤️🪵🪵🪵❤️
狸想世界,5.0,值得一看
狸想世界,4.5,非常天馬行空的劇情，好看！
狸想世界,5.0,好看又感人
狸想世界,5.0,"非常感人！有趣！
想不到一個精彩的故事還能傳達深刻的訴說，人與自然與動物的愛，讓我更理解了什麼叫做生命共同體的含義。
其中讓我感受最深的是，喬治，他這樣的性格也讓人敬畏，以前覺得這樣的人傻，現在覺得不是因為他傻才這樣相信，是因為他想這樣相信所以堅信，這就是所謂的人生信念吧～
真的是不容錯過的好故事，一定要在電影院好好享受～祝福世界與自然的一切都能peace and love♡"
狸想世界,4.5,很可愛
狸想世界,5.0,"好看又好笑
可愛無敵！👍"
狸想世界,5.0,"💕有錢沒錢
成家不成家💕
💕生兒生女不知道
但是💕
💕絕對絕對不能不看
最佳心情翻轉宇宙無敵獎👍💕"
狸想世界,5.0,"真的好看
要帶姪女去2刷了"
狸想世界,5.0,超級推薦～會讓人想二刷的好片，後面兩個彩蛋也超可愛☺️
狸想世界,4.0,很好看的電影，動物們很可愛，特別喜歡裡面的阿廢！雖然只是小配角，但牠那股廢廢的氣質讓人一看就跟著牠放鬆了😆
狸想世界,5.0,超可愛的 而且某方面要告訴人…別在破壞環境了
狸想世界,5.0,好看
狸想世界,5.0,好笑又感動🦈
狸想世界,4.0,好看，但劇情很老套😂
狸想世界,3.5,這部4dx體驗很棒～整體不會太晃，頂極掠食者出現那段有夠好笑，鯊魚黛安超可愛😂
狸想世界,3.5,沒有很喜歡……我承認我沒有很愛環境保護議題……而且我覺得女主角好煩，滿腦子只有“How dare you”，活在一廂情願裡（難得讓我看到打瞌睡……）。還有，我個人覺得城鎮上游有個河狸堰塞湖，不是好現象呀…結論：劇情有點簡單，適合國中小看。
狸想世界,5.0,超級好看，也很感動，很棒的守護大自然議題！
狸想世界,3.0,主角令人無語，電影音樂沒有記憶點
狸想世界,5.0,引導觀眾思考各種不同角度，既犀利又溫馨有趣，很棒的故事！
狸想世界,0.5,"看完只覺得人類很自私
動物很可憐
環境都被破壞，還跟人類生命共同體
女主一直理智斷線做出衝動的事根本不管後續會怎樣
惹出一大堆事情來，然後才在那邊自責、在那邊心靜自然涼….
看完頭很痛"
狸想世界,4.0,看評價很高，同學又力推，本沒要看最後還是走進戲院，是還不錯，但好像沒有像先前看喵的奇幻漂流或荒野機器人那樣喜歡...
狸想世界,4.5,"超可愛的啦～
期待玩具總動員5"
狸想世界,3.5,"我覺得劇情太弱智，很容易受不了女主的個性，不太像動物方城市那樣給大人看的動畫片，比較像給小孩子看的（劇情簡單，但大人會覺得劇情轉折很薄弱）
但動物刻畫很可愛，也有一些好笑的，但不會再去看第二次😅"
狸想世界,2.0,"雖然原本就是奇幻片
但劇情轉太硬
主角本身個性自我加易怒，後期也是如此
硬要靠奶奶一句話說變就變，還不止一次
轉換點不夠明確
再者沒一個人願意連署
外加教授也不支持
代表就算市長耍手段
也不影響主角以外的人意願
後期也沒喚起大眾對環境保護的意識
只有市長改變更突兀
分數給可愛"
狸想世界,5.0,真的很好看 看到後面真的會哭的🥲🥲
狸想世界,0.5,主角白癡，劇情有夠硬
李克寧 墓乃伊,5.0,"完勝所有厲陰宅系列電影
神鬼傳奇+大法師。此生必看！"
李克寧 墓乃伊,3.5,"導演導的好，不過編劇還是荒謬，
女兒從石棺出來，都不會帶去教會請神父加持一下嗎？直接帶回家讓鬼在家亂跑
再來，為什麼全部的鬼片都不會開燈嗎,整個電影唯一燈光就是手電筒
警局跟家裡面都沒燈的嗎？"
李克寧 墓乃伊,5.0,"不愧是溫導
兩小時緊張無冷場
大法師+神鬼傳奇
外婆真的是很慘～
有續集的應該可以交代更多～
結局真的是以其人之道 還治其人之身"
李克寧 墓乃伊,4.5,"超好看欸 好刺激
果然是溫子仁的系列
這次恐怖的味道超棒
推薦敢看恐怖片的去看"
李克寧 墓乃伊,4.0,"完整的故事，蠻精彩的，父愛還是偉大，讓我想到惡靈古堡8村莊結局。
看到後面想說怎麼神父還沒出現🤣
可憐的奶奶，戲份好重。"
李克寧 墓乃伊,3.5,"恩...
這是！
鬼玩人穿越到木乃伊了
算是可看（但鬼玩人復活比較好看）雖然這部是木乃伊 這個導演拍出來的對我來說就是鬼玩木乃伊🫪"
李克寧 墓乃伊,5.0,超讚👍 真不愧是溫子仁
李克寧 墓乃伊,4.5,恐怖片看多了，大部份都覺得不恐怖.... 且有的恐怖片真的很爛很難看，但這部片有幾個片段會讓我覺得有點毛骨悚然....拍片的手法技術也很好，喜歡看恐怖片的人一定要看
李克寧 墓乃伊,5.0,"不錯
節奏不會太慢
畫面上處理的也很棒"
李克寧 墓乃伊,5.0,"太誇張了，這片已經從恐怖片直接升級成驚悚片。
不但無冷場，還非常噁心、直接把皮膚撕下、腸子露出，太扯。
看過幾十年的恐怖片，都沒這這麼恐怖，大力推"
李克寧 墓乃伊,5.0,阿嬤 真的可憐、看完都覺得好痛～結局 我喜歡❤️
李克寧 墓乃伊,4.5,有別一般的劇情，創造恐怖片新高度👍
李克寧 墓乃伊,5.0,"嚇到我不要不要
可是很好看
恐怖氛圍到回家了，晚上想到還會怕😑"
李克寧 墓乃伊,2.5,感覺還好 普普通通 嘲點太多
李克寧 墓乃伊,4.5,很好看，親情、恐怖、噁爛全部擁有！
李克寧 墓乃伊,5.0,壓迫感很足 讚讚
李克寧 墓乃伊,4.5,"恐怖還不錯 但真的好痛
音樂也蠻嚇人的
故事很完整 但感覺不會有續集
大推"
李克寧 墓乃伊,5.0,"我被嚇到了🙂‍↕️不過我還是看完了😳
不得不說好看到不行…
奶奶..死掉是很好玩的事喔😅"
李克寧 墓乃伊,4.5,很頂
李克寧 墓乃伊,4.5,這是我看過美國恐怖😱片劇情的舖陳和張力十足……越到後面越令人震驚😱值得一看！
李克寧 墓乃伊,5.0,2026最好看驚悚片
李克寧 墓乃伊,0.5,不推欸，真心不推！
李克寧 墓乃伊,0.5,"脆刷成這樣==期待拉太高了
鬼玩人還比這好看200倍吧"
李克寧 墓乃伊,4.0,劇情不錯，沒有為了殺而殺亂死一通，氣氛慢慢堆疊鋪陳起來，逐漸釐清為何變成這樣？但也不算很沈重，蠻緊張，有血腥、有親情、有懸疑、有演技，整齣電影是完整的說完一個小人物家庭的故事以及掙扎
李克寧 墓乃伊,3.5,中規中矩！西方的鬼片、恐怖片大概等同個套路，大同小異，只是這個比較血腥這樣@
李克寧 墓乃伊,0.5,拜託，有沒有不是工讀生的評價
李克寧 墓乃伊,1.5,"限制級？說真的裡面的一些剝皮場景真的還好，沒看過B級血腥片的真的去看看，整個看下來，恐怖在哪不知道🤷
鋪墊兒童誘拐🤔 警察的辦案態度🤔
現實中遠比電影更恐怖"
李克寧 墓乃伊,5.0,老奶奶很恐怖
李克寧 墓乃伊,2.5,不難看也沒有到很好看的一齣喜劇
李克寧 墓乃伊,3.0,"如果是喜歡血腥會比較推薦~
但是當成鬼片看就不用了！
阿嬤到底做錯什麼？！"
極限返航,5.0,"很諷刺，對比擁有相同語言人類的自私蠻橫，另個星球不同語言的朋友卻能理解且義無反顧。
表面上的「自己人」，可能最疏離。看似「外來者」，卻是最真誠。"
極限返航,5.0,"Thumbs up 👎🏿👎🏿👎🏿, Rocky!"
極限返航,4.5,很好看，感人的橋段不少，友情不見得要有相同的語言
極限返航,4.5,Sandra 和大家告別唱 Sign of the Times的那幕超級感人，怎麼會這麼貼合情境。再來完全沒想到自己會被Ryan和石頭的故事逼哭好幾次😂 回家立刻下單小說～超級喜歡！
極限返航,5.0,"意外好看耶！！
洛基實在太可愛"
極限返航,5.0,感動人心的情義是最讓人想一看再看的好戲，科幻情節不是重心劇情，地球人格雷斯跟外星人洛基不離不棄的羈絆為了守護對方寧願不顧自己的生命安危，才是導演要表達的核心
極限返航,5.0,科學的部份有點難吞，但看到後面那些都不重要了！本來想說只是部科幻片還是迷幻片，想不到竟然有洋蔥！去年最喜歡的友情冒險電影是喵的奇幻漂流，今年目前為止是這部！！除了友情的描繪，男主的角色成長也讓人感動！
極限返航,4.5,"為了地球人和波江星人的真摯情誼而感動落淚
可愛聰明善良溫暖的外星人
值得被好好對待
也許~你始終在遲疑而原地踏步
也許~你曾經畏懼害怕接受挑戰
那麼 ...
請相信自己 為自己再勇敢一次
一切都會將變得強大而不同👍"
極限返航,4.5,配樂 劇情 美感 演技都非常出色
極限返航,5.0,科幻迷因該都會喜歡的電影，沒看過小説所以劇情有點超過我的預測，感動
極限返航,5.0,"超強科幻片～出乎意料超好看
開場到結束兩個半小時都精彩
完全不想去上廁所🚽
男主角演技超好👍與外星生物互動有趣
友誼情感超感動💖
穿插遺忘片段也描述的很剛好👏
推薦大家去看：）"
極限返航,5.0,今年必看，可以的話IMAX不會讓你失望。看到預告片就很吸引人了，整片有歡笑更有感動，推爆。
極限返航,4.5,讓我感覺意外的好看！進戲院看吧！
極限返航,5.0,好可愛的波江星人。
極限返航,3.5,沒有好看，也沒不好看，就莫名因為石頭寄居蟹的友誼感動到淚流滿面！
極限返航,5.0,科幻迷不可錯過，又有劇情。
極限返航,4.5,沒有似是而非艱澀難懂的隱晦寓意，多得是演員的演技，劇情簡單 畫面優美 情感豐沛 值得一看
極限返航,5.0,身為科幻迷看到很炫炮的太空船絕對是amaze!amaze!以輕鬆有趣的敘事貫穿全片，雖然少了很多原著的科學知識但仍舊瑕不掩瑜、各有優點🪨👎🏽喜歡以光影與反射呈現出情感溫度的攝影手法、在星際中漫遊也是美到難以言喻👏總結一句，這絕對是值得進電影院看的好作品！！
極限返航,5.0,Good
極限返航,4.5,非常好看
極限返航,5.0,剛開始有點沉悶，越看越好看
極限返航,4.5,我不是星際迷，但是這部電影真的很好看！
極限返航,5.0,就愛看這種整體氛圍陽光正面的科幻片，每一幀畫面都被好好打磨。他有沒有超遠《星際效應》可以暫且不論，但肯定比原著小說作者自己的《絕地救援》好很多
極限返航,5.0,"看過小說才看電影，即使早知道劇情，對畫面的呈現還是感覺驚艷
電影精簡掉不少燒腦的科學原理和演算過程，比小說緊湊許多..."
極限返航,4.5,劇情很超乎想像 雖然不是科幻迷但是也被吸引
極限返航,4.5,不錯看有趣的電影
極限返航,5.0,"聽說這是一部評價兩極的電影...
那我絕對是100分的那一極。
很美的電影，很美，
外表很美，精神也很美。
如果是理科腦，
應該也會覺得它用的：
化學、物理、生物、地科...
也很美。
PS. 不要和【星際效應】作任何聯想。 它們唯一的共通點只有科幻電影，剩下的：星際效應是星際效應，極限返航是極限返航；它們的外表和精神都截然不同。"
極限返航,5.0,電影隱喻極多，情節感人，參雜許多科幻，非常好看
極限返航,4.5,"我原本真沒想到自己會哭的
但看到洛基為了救葛雷斯
連自己的命都不顧 那邊我狂掉淚
真的好看 推薦大家去看"
極限返航,4.5,"前半段有點無聊
艱澀我看不懂，快睡著
中後段很好看
我覺得比陽光女子好哭（落淚）😂
可能會再刷4DX
體驗一下太空人的感覺"
伴我一生，感謝你,5.0,超好看，哭到不行大推
終極搜查,5.0,讚
終極搜查,5.0,"喜歡後面的劇情反轉! 而且不是為了反轉而反轉的那種, 警察的複雜情緒也鋪墊得很好!"
終極搜查,5.0,終極搜查以警匪搭檔為主軸，節奏明快、動作場面紮實。尹敬浩顛覆形象飾演凶狠反派，壓迫感十足，讓正邪對立更加鮮明。裴晟祐與鄭家藍的組合一老一新，碰撞出緊張又帶點幽默的火花，是一部爽快又不失張力的犯罪動作片。
終極搜查,5.0,反轉👍
終極搜查,4.0,有些翻轉，還算不錯，但也稱不上精彩至極，看了不會覺得浪費時間，但沒看好像也不會遺憾...
終極搜查,4.0,還不錯看！有點幽默，互動搭配也不錯@韓國電影，坦白說都在水準之上，可以去看看
終極搜查,5.0,蠻好笑的 打鬥戲也很有誠意
終極搜查,5.0,👍👍👍
終極搜查,5.0,反轉蠻精彩的!!
終極搜查,5.0,超級好看，大推
終極搜查,5.0,😄
終極搜查,5.0,韓國的警匪片不會讓人失望
終極搜查,5.0,"網紅男主角蠻耐看
女主角之前那部「情慾誘惑」就很厲害
這部不經意展現的性感更令人印象深刻
整部片偏好笑的劇情走向
經典的韓式反轉電影，蠻好看的"
終極搜查,5.0,蠻好看的警匪片。（之後會定期理髮。）
死亡之握：鬼牽手,5.0,整部片流暢 細節很吸睛！不拖泥帶水 恐怖的也有在點上，是一部非常推薦大家去看的電影！！（要專注在細節文字！
死亡之握：鬼牽手,5.0,超刺激 也很驚嚇🙀 晚上睡覺會夢到有人牽著我的手🤪
死亡之握：鬼牽手,4.5,劇情反轉，讓人猜不到，很喜歡這種反轉。
死亡之握：鬼牽手,5.0,一定要看到最後，會有驚喜🤓
死亡之握：鬼牽手,5.0,好看，恐怖，精彩
死亡之握：鬼牽手,5.0,"每一幕都精彩，無法錯過的爽鬼片！
真的不要隨便牽起手🤝"
死亡之握：鬼牽手,5.0,演員演的很好，且節奏快狠準，聲音配樂非常好，值得進戲院觀賞享受😎
死亡之握：鬼牽手,4.5,推薦！
死亡之握：鬼牽手,5.0,"好看！整體流暢
死法很特別
演員很不錯"
死亡之握：鬼牽手,4.5,好看
死亡之握：鬼牽手,3.5,還行，沒想像中的差
死亡之握：鬼牽手,3.5,台灣的鬼片大多都是廢到笑的等級，這部《死亡之握鬼牽手》恐怖的氛圍做得還不錯，不會有那種老套的嚇人手法，演員的演技也很毛骨悚然，嚴正嵐最後幾幕的演出毛到讓人驚嚇，唯一差的就是劇本，劇情上ㄧ些很明顯的bug，整體就是及格在好ㄧ些。
死亡之握：鬼牽手,5.0,喜歡恐怖片的人一定要進影院觀看！值得推薦的好看恐怖片！
死亡之握：鬼牽手,5.0,推，很有趣的題材及敘述方式
死亡之握：鬼牽手,1.5,小踩雷，不要相信短時間內集中發表的短評
死亡之握：鬼牽手,4.0,我覺得普通！好像就套路，沒有到很出色！可以看
死亡之握：鬼牽手,0.5,影評人都說很差了。
殺木池：鬼水禁地,5.0,近期最嚇人的韓國鬼片...
殺木池：鬼水禁地,5.0,比想像中好看，有嚇到我
殺木池：鬼水禁地,5.0,可怕😱
殺木池：鬼水禁地,5.0,韓國恐怖電影又一力作~推薦
殺木池：鬼水禁地,5.0,"劇情反轉又反轉, 看完都不敢靠近水邊了"
殺木池：鬼水禁地,5.0,毛骨悚然😱
殺木池：鬼水禁地,0.5,最後草草結束，沒有解釋前面鋪排的劇情，讓人失望
殺木池：鬼水禁地,5.0,這部片真的讓我感到毛骨悚然！故事情節緊湊，氛圍陰森，讓人不自覺地屏息。角色的心靈掙扎和神秘的鬼水傳說交織在一起，讓人對每個轉折感到驚訝。總之，這是一部值得一看的驚悚片！
殺木池：鬼水禁地,5.0,"可以理解為什麼在韓國票房會這麼好了，在設計上帶有新意，有別於近期恐怖片。
恐怖的氛圍營造得非常好，好幾度被嚇到：）"
殺木池：鬼水禁地,5.0,難得有鬼片不血腥但又能讓人覺得恐懼又絕望的恐怖片，希望有第二部能解釋第一部部分未解之謎
殺木池：鬼水禁地,5.0,惠奫真的好會演⋯⋯超恐怖 一直起雞皮疙瘩
殺木池：鬼水禁地,0.5,"爛
那裡可怕
劇情都猜的到……….."
殺木池：鬼水禁地,0.5,"瞎爆的劇情+老掉牙的嚇人手法
如果你們喜歡看好看的恐怖片，千萬不要浪費錢去看這一部"
殺木池：鬼水禁地,2.5,前面氣氛還不錯，後面普普
殺木池：鬼水禁地,5.0,恩災類 en 撒毀
殺木池：鬼水禁地,3.5,普普通通！但我覺得韓國的電影尤其是鬼片都有一定的水準！喜歡鬼片的可以去看，但就是普通啦.
殺木池：鬼水禁地,5.0,鬼病院般的嚇人
殺木池：鬼水禁地,1.0,"沒劇情也不可怕
恐怖的橋段拍的很粗糙
不懂為什麼評價那麼高
工讀生洗的吧"
殺木池：鬼水禁地,5.0,韓國的電影幾乎很少踩雷的。這部雖然不是像<破墓>那種高聲量的夯片，但依然好看。覺得這部有點像韓國版的<湄公河水鬼>，皆呈現出在不同國家對於水鬼的背景仍有相近的想像。這些水鬼電影中夜裡昏暗的湖景總能自然而然地給人陰森恐怖的氛圍，氣氛營造得宜。
殺木池：鬼水禁地,5.0,值得一看
殺木池：鬼水禁地,5.0,真的是今年最恐怖的電影之一。
殺木池：鬼水禁地,5.0,👍👍👍
殺木池：鬼水禁地,5.0,👍
殺木池：鬼水禁地,5.0,嚇到
殺木池：鬼水禁地,5.0,很恐怖很好看
殺木池：鬼水禁地,5.0,😄
殺木池：鬼水禁地,5.0,不錯! 蠻恐怖的
殺木池：鬼水禁地,5.0,人氣至高。
抓馬戀人,3.5,"結過婚或是結完婚的人可能會覺得沒有什麼大不了的事情～但是認真想想以美國的成長大熔爐的背景，女主角的坦白的確是會讓人有所退卻的原因
不過看完之後每個人心裡的評價不一，真正有病的應該是男主角，強迫症及潔癖視角，不錯看～但不會到真的必看，不過可以約約會對象看完後討論，應該會找到跟自己價值觀碰撞或是相符合的對象🤣"
抓馬戀人,4.5,"其實感情就是很多看不懂的小事
戲劇化後變成很嚴重的大事😅
最重要的事情 電影有拍出來
很可愛 心裡也很感動
是很不錯的小品❤️"
抓馬戀人,2.5,"以片中的衝突背景
台灣人可能會比較無感
或者認為女主角的事，哪有這麼嚴重
而個人認為真正有問題的
是男主朋友的老婆問題才最大"
抓馬戀人,4.0,"在這邊就不劇透了，我只能說本來無一物何處惹塵埃
其實男配跟女主是正常的
是男主和女配才是不正常的
覺得其實電影也誇張化了
現實生活人不會為了一二十年前沒發生事情這麼糾結"
抓馬戀人,5.0,超級好看！A24！最後看哭了，感情裡有一模一樣的體會。
抓馬戀人,5.0,好看死
抓馬戀人,5.0,抓馬戀人！男主角特別帥氣！女主角特別漂亮美麗！我覺得演的不錯！我覺得這部電影演得非常讚非常棒！非常適合男朋友帶女朋友去看這部電影喔！我特別喜歡看愛情電影喔！👍👍👍👍👍！這部愛情電影我看得懂！最後我沒有哭喔！我覺得這部愛情電影非常感恩很浪漫的電影喔！我特別喜歡看這部電影！
抓馬戀人,4.5,可以去看！後續發酵還可以
抓馬戀人,4.5,"前面快結婚的人看了覺得很可愛。
剩下的也沒什麼好說的，親自去電影院感受吧😙"
抓馬戀人,4.0,還可以的小品
0時盜數,4.0,"看到拆彈一直拖時間，就知道少校一定有鬼，只是沒想到黑吃黑吃黑，男主沒死存粹主角光環，正常情況早該死了，第三個普通百姓，就這麼丟下父母落跑了嗎？合理嗎？
為了不鼓勵壞人會成功這件事，最後安排3個人都做點好事來讓平息觀眾語論，小品啦，拍的算還不錯
不過沒有前幾周的捕風追影好看"
0時盜數,3.5,"我覺得看預告片認為會有8分，可能期待會有8-10分，但我整個看完覺得才7分，比想像的差一點@可以看
我今天看麥克傑克森，原本認為會7-8分，看完覺得10分！超出想像，超級推薦"
0時盜數,5.0,整部電影懸疑緊張刺激的元素都有，而且結局超乎我的意料之外，真的好看。
0時盜數,4.5,好看，全場沒有冷場，劇情一再翻轉，結局頗令人意外
0時盜數,5.0,好看👍🏻
0時盜數,5.0,"所有的動作場面都很緊湊,
很刺激，在影廳看得目不轉睛"
ONE OK ROCK DETOX JAPAN TOUR 2025 AT NISSAN STADIUM IN CINEMAS,5.0,通通給我站起來嗨！
催眠麥克風,4.5,"老實說，自己是沒有看過催眠麥克風系列的我可以感受到整場的氣氛有多麼的High，並且能夠用投票的方式來選擇你喜歡的隊伍還蠻特別的！
說實話我個人認為麻天狼那組的羈絆程度比其他隊伍來說還要來的高，其次是Bad Ass Temple，說個總結每個隊伍都有各自的信念並用歌唱方式讓觀眾更加清楚"
陽光女子合唱團,5.0,"《陽光女子合唱團》是一部故事結構其實不複雜、甚至可以說走向相當好猜的電影，但真正坐在戲院看完整場後，會發現它的感人之處，從來不是靠情節反轉，而是來自情緒堆疊的節奏與真誠。
整部電影看起來非常順，幾乎沒有讓人出戲的地方。音樂的運用尤其出色，穿插得自然又好聽，不是那種刻意拉情緒的配樂，而是和角色狀態緊緊貼合，讓情感慢慢累積上來。看到後面真的會忍不住希望有機會推出原聲帶，單純為了再聽一次那些旋律。整體觀影感受是笑中帶淚，但不沉重，是很溫柔的那種感動。
故事的主軸其實很清楚，是圍繞在小女孩與媽媽之間的關係展開。電影並沒有急著把情緒說滿，而是用一種很節制的方式，慢慢描寫她們之間的牽掛與成長。同時，也透過這條主線，自然地帶出其他獄友們各自的人生片段。這些角色的故事篇幅都不長，但不流於陪襯，每一段都剛剛好，為整個故事增加了厚度。正因為主線穩定、支線節制，這些零碎的小故事在串在一起時，反而讓整部電影更完整、更有層次。
演員的表現也是這部電影很大的亮點，每個人的情緒都拿捏得非常剛好，不會過度用力，也不會顯得冷淡。導演的敘事方式同樣值得稱讚，完全不會讓人有「在逼你哭」的感覺，而是讓情感自然流動。"
陽光女子合唱團,5.0,"不敢相信！沒想到2026剛開始，就看到一部電影，能「讓自己不知不覺流淚⋯」（以下評論分享，單純個人主觀看法）🤣
這半年來強片不斷，就「故事性」面向來說，如果《阿凡達3》7.5分，《動物方程式2》8分，《泥娃娃》8.5分，《鬼滅之刃猗窩座再襲》9分，那麼這部改編韓國電影，由翁倩玉、孫淑媚、陳意涵⋯等人主演的《陽光女子合唱團》，分數要給到更高了。
關於電影海報和片名，主觀上，有些提不起太大的興趣，但某人想看，加上題材貼近生活，再加上看到好評不斷，聽說是關於笑淚交織的故事⋯
好吧！😑
心中預設，知道有笑點，就雙手環胸想「我就看你怎麼讓我笑！」知道有哭點，就雙手叉腰想「我就看你怎麼讓我哭！」，但是大家，你相信我！
這部國片電影，竟然都做到了！！！
故事中，各個風格迥異的女性角色們，從劍拔弩張、張牙舞爪，到互相捍衛、惺惺相惜，女子監獄裡讓我們看到每一位女性對「愛」的不得已與義無反顧，尤其翁倩玉這國寶級演員的演出，就像《孤味》裡的陳淑芳，演出充滿著滿滿的渲染力⋯
最後A Lin的獻聲，更是畫龍點睛，就像台語天后黃乙玲那首《人生的歌》，娓娓訴說著人生。
「我們，都是有故事的人⋯」"
陽光女子合唱團,5.0,進去看之前，先確認有帶足夠的衛生紙
陽光女子合唱團,5.0,上次看電影流眼淚剛好是比悲傷更悲傷的事，導遊很厲害，我平常其實沒血沒淚的，哈哈，兩部電影騙了我兩次眼淚
陽光女子合唱團,5.0,超級好看，好笑，好感人，每個人都演的很好
陽光女子合唱團,5.0,"我認為是一部充滿母愛的電影，比預期好看很多 (真的要帶衛生紙)。
母親對孩子的愛、母親願意為孩子犧牲以及再重新遇見自己的孩子，
甚至是出獄後大家都默默關心著小女孩，這幾個情節哭到不行。
非常推薦大家去電影院看(捧場)"
陽光女子合唱團,5.0,"真的好看感人
本以為是喜劇片，後來跟老婆一起感動到哭⋯
歌很好聽。值得一看"
陽光女子合唱團,5.0,好幾個地方都讓我流淚，尤其是奶奶、女兒的地方，不會想睡
陽光女子合唱團,5.0,"整部電影太多細節了 導演很用心
真的是一部台灣驕傲的
好值得一看的電影🍿
電影好感動🥹
主題曲好好聽😍"
陽光女子合唱團,5.0,"電影院進場門口就提供衛生紙未看先笑 抽了一張
上映了三週 竟然還能爆滿加場
比悲傷更悲傷電影 更觸動人心
看到陳意涵 Alin 真的回憶殺 導演很會
翁倩玉 孫淑媚真的驚艷 阿嬤演的細膩 阿霈沒認出來
不透劇 這部是我看過散場最久的電影
等到影廳開燈了才紛紛離場"
陽光女子合唱團,5.0,需要衛生紙🧻
陽光女子合唱團,5.0,"原本想說真的有這麼誇張嗎
中間就眼淚失速😭
細節讓人淚崩"
陽光女子合唱團,5.0,第一次來留言，因為真的大推👍適合家裡衛生紙太多用不完的….帶著來看這部電影吧。
陽光女子合唱團,5.0,非常好看！故事節奏流暢、哭點笑點的掌握恰到好處，目前唯一讓我從頭哭到尾，哭到隔壁陌生阿姨給我遞紙巾🧻
陽光女子合唱團,4.5,"推薦值得一看的電影👍
認真的講好一個故事
逺比什麼動作特效、什麼CG動畫強太多了
不是特效動畫不重要
而是好的劇本才是打動人心的根本
本作就是這樣能打動人心的好電影
推薦大家可以到影院觀看
相信你們也會被感動的"
陽光女子合唱團,5.0,也許是因為已婚，也許是因為有自己的小孩，對於觀賞這部電影特別特別入戲，這部電影是由《比悲傷更悲傷的故事》導演林孝謙與編劇呂安弦改編自韓國電影《美麗的聲音》，劇情安排的很寫實且動人，看著由陳意涵演出入監女子，服刑期間還要照顧剛出生的女兒，還得跟其他受刑人一起同住一間，這生活壓力實在無法想像，看到為母則強、一切都是為了孩子，媽媽再捨不得都得捨得的一面，讓我真的很感動，看到劇情裡的每一位受刑人服刑的故事，這社會上，充斥著許多你無法想像的故事，一邊看電影，一把鼻涕一把眼淚的，真的很好看，非常推薦大家一定要進場觀影❤️
陽光女子合唱團,5.0,"有笑有淚的一部電影，台版改編超好的！每個演員的演技表演帶入感很強烈，帶領觀眾一起走進了他們劇中的人生，劇情其實也反映了現實世界中，許多人所經歷的人生遭遇，像我就會想到已經去當天使的媽媽😭真的哭到啜泣發抖……非常催淚！電影的兩首主題曲A-Lin〈幸福在歌唱〉洪佩瑜〈再見的時候〉都非常好聽超級感動～
（二刷甚至哭更慘因為看懂細節太揪心🤧有空再三刷！）
「人生無常，把握當下，珍惜相處的時光，不留遺憾。
一期一會，下輩子有沒有緣份再見面，無人知曉。」"
陽光女子合唱團,5.0,真的是很棒的作品 情感很真實 會想要二刷
陽光女子合唱團,4.0,好像韓國電影美麗的聲音
陽光女子合唱團,3.5,翁倩玉直接最佳女主角
陽光女子合唱團,5.0,"老中青演員把整部電影詮釋的很好
到感人的畫面真的會默默流下淚來
建議淚腺發達的可以多準備衛生紙"
陽光女子合唱團,5.0,"我是I人，雖然知道看這部會哭很慘，所以劃位選擇坐到電影院邊邊角角了，結果還是整場客滿，害我只能一直偷偷拭淚，而且坐我旁邊的情侶哭得更誇張！這電影可以二刷三刷～還是會哭。
我決定在電影院門口賣面紙，這樣生意應該會很好😆"
陽光女子合唱團,4.5,何曼希的演出真讓人驚豔
陽光女子合唱團,4.5,"準備好手帕！衛生紙不夠用～
超推薦大家去看～
連看電影會睡著的媽媽都看到結束～真的很推！"
陽光女子合唱團,5.0,"哭了四次，整場啜泣聲此起彼落🥲
最後的轉折真的太妙了❤️❤️哭慘！
裡面所有角色都好喜歡😍完美國片💯"
陽光女子合唱團,5.0,票房破億👍👍👍👍👍
陽光女子合唱團,5.0,超好看的
陽光女子合唱團,0.5,號稱 中國電影。就滾去對岸，根本不想支持這種狗屁電影
陽光女子合唱團,5.0,現在的社會 就是要看大愛的電影 好療癒啊！真好看。
陽光女子合唱團,5.0,不哭都難眼淚不知覺的掉下來 比原著還好看
空之境界劇場版：第七章 殺人考察(後),5.0,不能錯過任何一集!
空之境界劇場版：第七章 殺人考察(後),5.0,終於等到第七章了
空之境界劇場版：第七章 殺人考察(後),4.5,經過一連串，原來能讓兩儀式有個想要的幸福生活就只有黑桐幹也這個爛好人了！
空之境界劇場版：第七章 殺人考察(後),5.0,"從第一章開始追, 終於看到兩人在一起了"
空之境界劇場版：第七章 殺人考察(後),5.0,👍
空之境界劇場版：第七章 殺人考察(後),5.0,\海報/\馬拉松/
空之境界劇場版：第七章 殺人考察(後),5.0,值得一看
空之境界劇場版：第七章 殺人考察(後),5.0,能夠在大銀幕看到這部片真的是太令人感動了。
空之境界劇場版：第七章 殺人考察(後),5.0,👍👍👍
空之境界劇場版：第七章 殺人考察(後),5.0,👍👍
空之境界劇場版：第七章 殺人考察(後),5.0,大螢幕必看
空之境界劇場版：第七章 殺人考察(後),5.0,真的是一場視覺與心靈的盛宴！故事深刻，角色之間的情感描寫讓人感同身受。戰鬥場面精彩絕倫，氛圍緊張，結局更是讓人反思，值得一看！
空之境界劇場版：第七章 殺人考察(後),5.0,既感動又感慨，兜兜轉轉終於迎來這個美好的結局了！！！
空之境界劇場版：第七章 殺人考察(後),5.0,😄
空之境界劇場版：第七章 殺人考察(後),5.0,🤭
空之境界劇場版：第七章 殺人考察(後),5.0,一定要去看。
雙囍,5.0,男主角唱歌瞬間我哭了，感受到他小時候的創傷與夾在父母之間的委屈
雙囍,5.0,看似兩場王不見王的婚禮，反而促成男主角與內在小孩的和解！透過籌備婚禮的過程，回憶過去成長片段，一邊安慰渴望被愛被看見的童年，一邊尋回失落的靈魂碎片！很觸動人心！因為女主角堅定不移的支持陪伴，讓他終於勇敢做自己！真愛的力量最大！
雙囍,5.0,單親家庭小孩成人後結婚，想討好父親方跟母親方及其矛盾，實為單親家庭大人省思的一部好片。
雙囍,5.0,"這是一部給離婚夾在中間的小孩，一封情書
長大後不一定傷口都會好，也不一定能討好所有人，甚至最重要的父母，但是要記得，無論怎樣都要選擇讓自己開開心心、幸幸福福的方式😍"
雙囍,5.0,寫實到極致的華人家庭婚禮紀錄大全，不愧是孤味導演最新作品，每一幕都雋永，國片群戲的典範，全員超級自然不做作，劉冠廷明年肯定囍贏金馬影帝！
雙囍,4.5,"自我成長的電影
有男人的苦
女人的支持
大人的任性與小孩的成熟
分離不是小孩的錯
但往往小孩最苦"
雙囍,5.0,認真的推推推，看完電影彷彿也跟著經歷一場婚禮，新人很登對，女主角好美，中間很多對話，都藏了滿滿的愛，喜歡緊湊好笑帶有感人，讓我好幾回不自覺的淚水在眼框打轉。
雙囍,5.0,真的好看，不管是老牌圓圓或新生代演員，都很會演，完全沒有尷尬的橋段，完全可以體會演員當下的心境，跟站在他的立場，慶幸最後的結局非常圓滿
雙囍,4.5,"值得推薦的好片～本來以爲要進影院笑笑，結果哭比笑還多，因為感受太真實，為新郎好辛酸！
身處社會高層的父母太傳統又太強勢～明明結婚是孩子們自己的生活，非要給親友們看自己的教育有多成功，實在太自私沒為孩子們著想！"
雙囍,3.5,"支持原創，發生在一天的婚禮，繁瑣的傳統婚禮習俗，單親孩子的兩難，那對父母根本不愛孩子吧！扮演空姐的吉岡里帆和新娘余香凝好漂亮，好多台灣資深演員參與演出
有點好笑，有點好哭，在難過也要好好吃飯喔"
雙囍,5.0,"每個爸媽都在用自己的方式愛小孩，原生家庭影響下成長的孩子有著各種酸甜苦辣。
單親尤其更辛苦～
女主角的情商很高，女主與爸爸之間的尊重和愛讓我最是感動🥲
演員陣容堅強、值得二刷❤️"
雙囍,4.0,"在兩場婚禮中沒有屬於自己的moment，庭生為了兩邊討好也連累自己甚至親家都連累，
從小沒有真正的家的他，在兩邊家庭之間跑跳
，光是這一點感觸很深，這部蠻不錯看的！"
雙囍,5.0,確實不錯看，演出夾心餅乾的心酸，女主角是很漂亮，但覺得9m88人更正也演的好，女主爸爸也是歡樂亮點。
雙囍,5.0,👍🏽，是療癒片
雙囍,5.0,人生不應該是去討好！而是要自己過的開心快樂，人生是自己的，不應該被長輩左右而感到難為，雙親家庭、單親家庭，抑或重組家庭，都應該聽聽小孩想要什麼，不是安排小孩該怎樣，當然父母都希望小孩能夠成龍成鳳，又有幾個小孩能夠成龍成鳳呢？真的成龍成鳳了，成為父母的驕傲，是小孩心甘情願開心得來的成就嗎？！
雙囍,5.0,"好久沒看電影了，衝著劉冠廷去的～
果然沒讓人失望，滿有內容跟故事的一部電影"
雙囍,5.0,好看
雙囍,4.5,非常值得進影廳觀看
雙囍,4.5,一個簡單的劇情，但拍攝的非常有人味，影片節奏也很好真的沒有冷場，藉由辦喜酒這個議題將華人社會所有面向一同討論卻又調理分明，不會淪為大鍋炒，好幾幕非常觸動人心👍👍👍
雙囍,5.0,"導演許承傑執導的片子就是好！
田啟文劉冠廷余香凝💯"
雙囍,3.5,以為是喜劇賀歲片 結果不是哈哈哈
雙囍,5.0,劇本很不錯；有哭點也有笑點，很適合春節～女主角美、田啟文也演得很感人、吉岡里帆更是神來一筆！今天剛好看到了演員謝票場，蔡凡熙本人很帥！
雙囍,5.0,喜宴部分非常好看，男主角夾在離婚爸媽之間，左右為難
雙囍,5.0,"我看到了我自己。
我小時候跟故事敘述的快幾乎一樣，夾在兩邊與其說是痛苦，更多的是無助、悲傷跟被拋下的感覺，謝謝電影讓我跟男主角一樣跟內在小孩進行對話跟和解。"
雙囍,5.0,"真的很好看！
1月、2月唯二有驚喜的好電影：日租家庭、
雙囍💯"
雙囍,5.0,超級好
雙囍,5.0,劇情緊湊，劇情內容貼近臺灣人繁複的婚禮過程，勾起許多回憶及配樂跟演員都沒話說！
雙囍,4.5,"劇情很簡單的一部電影，
但...導演太會拍、演員太會演
所以不會讓觀眾打瞌睡..."
雙囍,4.5,雖然片名叫雙囍，但可稱不上是喜劇，甚至有點抑鬱，不過劇情還不錯，喜歡劉冠廷的話更值得一看！
雙囍,5.0,今天看了，覺得不錯，會介紹周遭朋友去電影院看這部
劇場版 銀河特急 Milky☆Subway,5.0,聲優陣容超讚~
劇場版 銀河特急 Milky☆Subway,5.0,"剪接節奏跟配音、配樂都超讚, 我願意再進一次電影院"
劇場版 銀河特急 Milky☆Subway,5.0,超喜歡!! 不到一小時但劇情很精采完整，內山昂輝這次又配音帥角色XD 但看完被千春圈粉，超可愛!
劇場版 銀河特急 Milky☆Subway,5.0,👍
劇場版 銀河特急 Milky☆Subway,4.5,推
劇場版 銀河特急 Milky☆Subway,5.0,完成度很高，帶著復古的調調
劇場版 銀河特急 Milky☆Subway,5.0,讚
劇場版 銀河特急 Milky☆Subway,5.0,很喜歡的作品，電影有新增原本沒有的片段
劇場版 銀河特急 Milky☆Subway,4.5,👍
劇場版 銀河特急 Milky☆Subway,5.0,非常精彩的動畫電影，值得一看。
劇場版 銀河特急 Milky☆Subway,5.0,👍👍👍
劇場版 銀河特急 Milky☆Subway,5.0,相當特別
劇場版 銀河特急 Milky☆Subway,5.0,對社會勞動的衷心盼望：「平平安安勞動，超時又有便當。」
劇場版 銀河特急 Milky☆Subway,5.0,發現寶藏動畫🤩
劇場版 銀河特急 Milky☆Subway,5.0,推薦
劇場版 銀河特急 Milky☆Subway,5.0,超酷的
劇場版 銀河特急 Milky☆Subway,5.0,😄
劇場版 銀河特急 Milky☆Subway,4.5,很特別又復古感的作品，酷👍🏻
劇場版 銀河特急 Milky☆Subway,2.5,平平無聊
劇場版 銀河特急 Milky☆Subway,0.5,平淡無奇，片商不要洗評論。
No Good！歐吉桑,5.0,"本來看影評不多沒有很期待
結果又哭又笑的～很有土味～
主題曲也很好聽耶💖🎵後面很感人🥲
支持國片💯👏👍推薦大家去看！！"
No Good！歐吉桑,5.0,不好不壞，支持一下國片，主題曲蠻好聽的～
No Good！歐吉桑,5.0,搞笑影片，看完感覺珍惜當下，做任何事情不用在乎年紀，做就對了
No Good！歐吉桑,4.0,好笑又帶點哭戲 推推👍
No Good！歐吉桑,4.0,"出乎意外的好看！
前面比較沉悶
中間開始好看
後面感人"
No Good！歐吉桑,5.0,好笑
No Good！歐吉桑,2.0,"劇情銜接的很奇怪
預告片跟跑宣傳的訪談都比電影本人精彩
導演編劇都要再加油"
No Good！歐吉桑,4.5,"劇情輕鬆不落俗套，是比預期好看很多很多的國片。
有笑點和哭點，值得推薦"
No Good！歐吉桑,5.0,有台味喔！
No Good！歐吉桑,2.5,"下午有去看
我覺得不好笑 也沒有什麼劇情"
竊取本書者將會…,5.0,本以為應該很無聊，但卻意外的好看，遠勝瑪利歐、狸想世界👍大推
大濛,4.5,今年值得一看的台灣國片，講述了台灣曾經見不得光的歷史和壓抑，卻也突顯出本土與外省草根小人物的情感和故事，有笑聲亦有感動的淚水，身長在這塊土地的人們都需一看。
大濛,5.0,"“大濛”，一部很好看的電影。
很佩服導演能把這麼悲傷的故事還拍得有些喜感，讓人看了有些鼻酸又會心一笑。
台灣能從戒嚴走到現在不容易，有些人很不幸犧牲了，希望現在這個時代能記得他們，也希望他們的朋友親人能夠安好~"
大濛,5.0,"超好看，這部電影不是在表達過去國民黨的白色恐怖，而只是忠實的呈現過去的樣貌，那個年代的台灣，所以說發生過的都成為了風景，過去的時代有過去的故事，不要忘記、但也不要執著於過去，所有的發生都會過去的，就像是晚霞、朝露、大濛…都會成為風景。
不要擔心，這部電影是happy ending,只是你會大哭，你會因為那種惆悵感更珍惜現在的所有！"
大濛,5.0,本來以為是講述過去時代的沉重劇情，但看了才知道主要描寫是人性的善惡與公道，讓人非常感動，連我哭點那麼高的人，最後還是忍不住眼眶含淚
大濛,5.0,"悲情年代
戰亂離散
煎熬日子
處處淚水
水滴雲彩
卻是霧濛
亂世苦命
浮生若夢
半夜驚怵
動盪癲狂
走囉！
灰濛濃霧"
大濛,5.0,陳玉勳導演說故事的能力超強的，整個人沈浸在劇情中，時而詼諧，時而沈重，時而開心，時而難過，看完讓人回味無窮，不愧是今年金馬獎最佳劇情片。
大濛,5.0,沒有批判的一部片，真的很好看，終於了解之前老一輩在說什麼了，後勁會很強，回家上網查詢資料還是會哭，有一些地點確實都是那年代的名稱，覺得很細心.
大濛,4.5,雖然有些橋段帶了點詼諧，但在白色恐怖時代背景下，實在不能說是喜劇，甚至不知道為什麼看著看著眼眶就濕了！但也不會說是部沉重致鬱的片，頗微妙！也許我需要更多資訊😄
大濛,5.0,原本以為只是演四O年代的紀錄片應該是很沈悶的電影，但是劇本寫的非常好，角色的刻化配合當時時代的背景讓人仿佛沈浸式在那個時候，完全深深的感受到那份親情及友情各種不同的情感，不禁讓人濕了眼眶，真的是非常棒的電影。
大濛,5.0,"毫不沉悶的敘事手法
沒有任何批判 是部可以輕鬆享受
但是餘韻無窮的電影作品
很推薦"
大濛,5.0,"這些年來
返校的啟蒙
時代革命的戒慎
流麻溝十五號的回顧
看不見的國家的感慨
零日攻擊的未雨綢繆
始終覺得缺了一塊
那些真實經歷過白色恐怖，各行各業在時代洪流下的不得已跟最真實的情感流露。
也讓人更能真正換位思考身為一樣能投票的其他台灣公民，不同年齡層到底都經歷了什麼，會有什麼樣的看待現代社會的視野。
整部電影用黑色幽默跟地獄梗包裝了很多台灣人下意識一定忍不住會笑出來，但再三思又會覺得很不捨，很悲哀的點。
而且不但細節環環相扣，還有很多大膽的主動延伸。
不是常見的到處留白自由想像，卻處理得很妙，也不太有說教感警鈴。
「我們什麼都沒有，只有勇敢」
「我們都是別人的風景」"
大濛,5.0,"本片非常非常適合現在大約70歲左右的人觀看，因為會極為有共鳴，這部片再講你們長輩的故事，很多那時代的氛圍，可能真的要70歲的人才會會心一笑，對於50歲以下的人來說，這是一部有故事劇情的紀錄片，需要有一定興趣的人才會有所觸動，我只能這部電影的受眾不大，適合闔家觀賞
本片座右銘就是那一句趙公道說的：走囉"
大濛,4.5,各方面都很喜歡，很難得還能看到70年前的人文風貌，精彩
大濛,5.0,帶觀眾真正走回70年前的台灣，阿月和趙公道一段奇幻冒險精彩動人的演出，在那個年代或許只有「勇敢」才讓每個人可以撐下去的動力。
大濛,5.0,"雖然沒有經歷片中，身處那個時代嚴峻的生活，但可以稍微感受到，生活在那個思想被箝制，且朝不保夕的恐懼之中，猶如片名“大濛“（台語即是被霧籠罩的意思）看不見未來的路，只能用想像的心，讓自己撐過那段最晦暗不明的路。
勳導的新片“大濛“，讓我感覺不像在看電影，比較像是在聽他講故事，故事敘述的很絲滑，沒有過多的血腥及仇怨，比較多的是身為平民百姓，對當時的生活的無奈。另外，結局也設計的頗有意思，可以多刷幾次。"
大濛,4.5,今年最好看電影之
大濛,5.0,"看到最後幾分鐘
開始淚流不止
不能自已
久久不能平復
但舒暢很多
非常感謝陳玉勳導演
把我心中那段不明所以的疑惑
補起來了
我好開心他的關注
補足了部分遺族的日常
有種豁然的感覺！"
大濛,4.5,"好看，拍手致敬，得獎實至名歸!
這種故事背景的國片，很怕拍的很沉悶，但大濛完全不會，節奏很好！
加上場景細膩，真的回到了那個年代，氣氛營造的很好。"
大濛,4.5,值得一看，帶你回到民國四十年代
大濛,5.0,"後勁很強，本來以為會很沉重，結果蠻感人。
對於八年級生的我來說，戒嚴前的台灣是一段存在於課本上的文字，看完這部電影後才更深刻地了解現在自由的可貴。謝謝那個年代的雲與霧，因為有你們而讓這片土地更美好。"
大濛,5.0,"淚推的好電影！
氛圍塑造太厲害
難得在電影一開始的第一個鏡頭
就讓人感受到情緒累積的重量
有想哭的衝動
原以為是會有一幕讓人爆哭的場景
結果是一個接著一個出現
小小的、温温的感動～
情緒是一直被揪在那的
陳玉勳果然擅長小人物的敘事
不鋪天蓋地地張揚
卻深刻又踏實地娓娓道來
很深情動人
曾敬驊、9m88的台語令人驚艷！
柯煒林神詮釋，真的很欠拿獎！
方郁婷演技之內斂，真不愧是怪物新人！"
大濛,5.0,每個台灣人都需要看
大濛,4.5,白色恐怖的電影很沈重，趙公道這個角色讓影片活潑起來，也讓觀眾喘口氣休息一下。
大濛,5.0,「大濛」是音譯自台語的起霧，最後一段姐姐說出阿迷與阿水的故事涵意時，非常感人。每個人都是別人的風景，當年的無奈
大濛,5.0,"昨天下午，戲院的空氣變得特別年輕， 看到一位老師帶著一大群還在唸高中的孩子們，我們一起看了《大濛》。
全場的看片氣氛很投入，可以跟著導演精心策劃的劇情時笑時哭，尤其看到電影美術組將台灣50年的舊樣貌復刻，伴隨著一首首動人的老歌，確實是一大享受😎"
大濛,4.5,那個時代的場景跟印象裡面小時候的南部村莊很類似，感覺起來是真的有考究過，場景裡面的設置，小村莊的建築規模氛圍，阿月的際遇，對那個時代模糊聽來的感受，在看故事中慢慢地高低起伏，完全沒有讓你睡著的時間，以為很沉悶，但又是有笑點，笑著笑著就會淚目，跟著故事的轉變最後哥哥出現，小水滴啊小水滴，其實每個人都是想要變成雲💧💧
大濛,5.0,超過預期的好看，是時代的悲歌，也是權力階級的縮影，而其影響不只在那時，更處於當下！
大濛,4.5,後勁很強 結尾很感人😭😭
大濛,5.0,好看，我喜歡這個復古調調
大濛,5.0,值得一看的國片，謝謝有前人的付出，才有現在幸福的生活
咆哮山莊,5.0,建議先看過小說再看電影，電影不僅還原了作者筆下沉悶陰鬱的氛圍，演員也盡力還原角色的心境。文字很難形容感受，總之看就對了。
咆哮山莊,4.0,文學名著，本來不打算挑戰，但同事要看，想說是瑪格羅比主演，最終還是+1，沒有想像中那麼生硬，也沒有睡整場，還不錯！
咆哮山莊,4.0,"我覺得這是一部很吃演技的片，演員們都很厲害，有的時候男主角一個眼神，我就感覺到沒有對白的情緒。
我是沒有看過原作的人，這部片看了不後悔。"
咆哮山莊,0.5,.
咆哮山莊,5.0,不浪費大製作～女主角真的豪美😍❤️
咆哮山莊,5.0,"我只能說 聽到音樂我就知道這部不會走傳統路線，不過我沒看過原著，所以不會感受到魔改🤣
只覺得整場男的帥女的美、視覺與妝造也是一場藝術饗宴"
咆哮山莊,5.0,近期看過最好看的電影🎬沒有之一！每一幀都美到極致！男主帥 女主美 畫面美 場景美 無論你是否看過原作都請去看這一部，你會感謝自己的選擇🫶
咆哮山莊,1.0,沒看過小說來看電影覺得不ok
咆哮山莊,3.0,"改編的不像原著也沒關係、選角和服裝不太好。瑪格羅比不適合古裝也不像個少女，服裝也過份誇張膠感重。灰暗的關係，情慾戲還好。
優點是：我還是喜歡瑪格羅比只是她不要演古裝可能會更好、男主角很帥很憂鬱，演技也很好👍"
咆哮山莊,5.0,"古典服裝都好美
演員演技衣架子
搭上美麗的風景
關於愛情
值得深思
視覺饗宴"
咆哮山莊,5.0,比我想像中好看，很多劇情緊湊也不太冷場，原本以為會很乏味支持這樣子的電影
咆哮山莊,5.0,"請問一下，這是黃國昌的家庭故事嗎？
因為黃國昌是咆哮影帝
黃國昌的違建=咆哮山莊"
劇場版「暗殺教室」: 我們的時光,4.0,"如果是第一次看這部片，算是蠻推薦的
想體驗暗殺教室的日常可以看這部歐
那有看過暗殺教室1、2本傳會更有感覺"
劇場版「暗殺教室」: 我們的時光,3.5,沒看過的人去看，真的不推薦，最後音樂好聽，彩蛋精彩
劇場版「暗殺教室」: 我們的時光,5.0,超好看的日常片段
劇場版「暗殺教室」: 我們的時光,5.0,喜歡😘
關鍵公敵,4.0,"很不一樣的手法呈現AI議題
選角很不錯，節奏緊湊，很有趣！
推一個！"
關鍵公敵,5.0,整部片融入AI司法審判題材 好看
關鍵公敵,5.0,天哪也太好看了吧，全新的題材 完全沒有冷場的劇情，原本以為只是坐在審判椅上面很無聊的一部片，沒想到從頭到尾沒有1分鐘冷場的 好片
關鍵公敵,5.0,"劇情真的是超乎想像，結局反轉再反轉
從頭到尾毫無冷場，還好有去電影院看"
關鍵公敵,4.0,還算不錯，但需要好的精神，節奏有點快，一個恍神就錯過不少資訊😅
關鍵公敵,4.5,"算是新穎的題材 AI主導的情節
節奏明快 沒有冷場的空間
是近期很不錯的作品"
關鍵公敵,5.0,好看新題材
關鍵公敵,4.5,真的蠻好看的，有些推理又看不太懂，要多刷一次可能會比較容易理解！推👍
關鍵公敵,4.5,非常好看
關鍵公敵,5.0,好看 故事簡潔有力
關鍵公敵,4.5,不錯
關鍵公敵,2.5,"原本不錯的提材，
可惜被拍得了無新意，
令人昏昏欲睡。"
關鍵公敵,4.5,"劇情還蠻緊湊，迂迴需要動腦
好奇的是，如果AI法官需要嫌疑犯自證無罪，那嫌疑犯是腦袋有問題的或是智能不足的怎麼辦？
演法官的女演員，偶爾會在不適切的時候露出微笑，這點比較不合理。
其它的還蠻刺激好看"
關鍵公敵,4.0,題材挺有趣的 可以發展續集
關鍵公敵,5.0,好看
關鍵公敵,5.0,超好看，節奏緊湊，結局出乎意料，期待有第二集，大推
關鍵公敵,3.0,覺得很普通！沒有評價說的那麼神！
關鍵公敵,5.0,真的非常好看的一部電影，是完完全全的無冷場，從電影開始第一秒審判就開始了，也沒有一堆回憶過去有的沒的沈悶的劇情，劇情推很快也一直反轉，完全猜不到觸發這件事情的人是誰，推薦大家進電影院看。
關鍵公敵,5.0,好看
關鍵公敵,5.0,少數的ai電影
關鍵公敵,4.5,好看，整體敘事節奏不拖泥帶水，結局也很滿意～難得最近出的一部好電影👍🏻可以重刷
關鍵公敵,4.0,超讚
關鍵公敵,5.0,"劇情緊湊，題材新穎。
動作戲較少，主要是可以深度討論的社會議題。"
關鍵公敵,3.5,推薦！
關鍵公敵,3.5,很棒
關鍵公敵,4.0,"過程很精采，但最終結局弱了點
今年過年個人覺得最好看的一部"
關鍵公敵,5.0,"精彩刺激、過程緊湊，
很適合久久上電影院時，
選擇的精彩好電影～
但難忘的是，
一些在過程中還要挖掘出不一定想看到的事情，
為自己辯護，
選到了好片在過年的時候看，
真是太開心啦～
感謝網友們的推推。"
關鍵公敵,4.5,好看耶 題才很特別
關鍵公敵,4.5,精彩，目不轉睛。
關鍵公敵,5.0,"影片值得反思真的很棒
但有幾個劇情未說清楚有待加強
力推各國的司法官都該來看這部片👍"
科學新娘！,5.0,很值得一看
科學新娘！,5.0,"其實蠻好看。
反映出20世紀初期的女性是多麼辛苦，透過科學新娘表達女性要改變思維，需要歷經多少痛苦才願意擺脫舊思想，當新思維覺醒，就像死而復活般，再次面對社會的挑戰，犧牲一切只為爭取人性的尊嚴。"
科學新娘！,5.0,"不是商業片
不灑狗血，導演 主演 服裝 燈光設計個人很喜歡
在影廳才能看出真正的藝術價值"
科學新娘！,5.0,超好看！居然沒紅太客氣了
科學新娘！,4.5,連科學怪人都要找伴侶和，更何況是正在刷手機的妳呢😎
科學新娘！,5.0,一直很喜歡貝爾，很瘋狂的電影
科學新娘！,5.0,很特別的愛情電影，克莉絲汀貝爾演技很棒，值得一看
科學新娘！,5.0,"很吃我的電波
我非常喜歡"
科學新娘！,5.0,無法言說的的無與倫比
科學新娘！,3.0,蠻普通的電影，沒甚麼劇情跟節奏很拖。喜歡爽片或重劇情的不推。
A KITE 風箏,5.0,可以在電影院看到梅津泰臣真的非常感動🥹
你是不會當樹嗎,4.0,尊重生命愛護生命保護生命1832跨世代跨年代有裸體有隱喻
夏日大作戰(全新4K修復版),5.0,經典不滅
夏日大作戰(全新4K修復版),5.0,這部真的是經典，沒有看過的人一定要看，看過的人也一定要再看一次。
夏日大作戰(全新4K修復版),5.0,雖是17年前的動畫電影，但真的還是很好看，特別在大螢幕上，絕對不要錯過！
夏日大作戰(全新4K修復版),5.0,經典就是經典! 看幾次都超愛😍
夏日大作戰(全新4K修復版),5.0,最喜歡的細田守作品！從劇情到作畫風格都超流暢，好喜歡每個角色😍
夏日大作戰(全新4K修復版),5.0,推薦
夏日大作戰(全新4K修復版),5.0,太經典一定要在大螢幕看
夏日大作戰(全新4K修復版),5.0,經典中的經典 不能錯過!
夏日大作戰(全新4K修復版),5.0,雖然是 2009 年的作品，但放在現代看依然不過時。整大家子齊心協力的羈絆真的超感人，最後打花牌大賽那段熱血到起雞皮疙瘩。看完心頭暖暖的，是每年夏天都想回味的經典！
夏日大作戰(全新4K修復版),5.0,值得一看
夏日大作戰(全新4K修復版),5.0,能夠在大銀幕上重溫這部片真的是太棒了！
夏日大作戰(全新4K修復版),5.0,讚
夏日大作戰(全新4K修復版),5.0,比預期的好看精彩
夏日大作戰(全新4K修復版),5.0,很棒的電影，令我聯想到一件事。似乎人們很容易因為家人永遠都在，就忘了要找時間對家人好、要多關心家人。
夏日大作戰(全新4K修復版),5.0,😄
夏日大作戰(全新4K修復版),5.0,"當年就是因為這部電影才開始追細田守的作品, 4K重映看虛擬世界那段就是讚!"
夏日大作戰(全新4K修復版),5.0,奧寺的劇本真的很神，最早接觸細田的一部作品，家族的羈絆很強大
夏日大作戰(全新4K修復版),5.0,最經典的作品👍
夏日大作戰(全新4K修復版),5.0,👍👍👍
夏日大作戰(全新4K修復版),5.0,👍
夏日大作戰(全新4K修復版),5.0,傑作！在西門町的800座超大廳看真是太爽了！
夏日大作戰(全新4K修復版),4.5,真的是很喜歡
自殺通告,4.0,票房好像不太好，不過我覺得好看！看完說不出話，有後勁，也讓我紅了眼眶！有些鋪陳爲了戲劇張力與效果，可能誇張了些。故事整體還算流暢，但，好想知道除了升學，有沒有暗喻什麼呢？
自殺通告,1.0,"誤導專注力不足過動症的安全用藥
搞得好像過動症的藥是毒品一樣"
自殺通告,1.0,素人演員表現不佳，節奏也有問題
自殺通告,3.0,黃秋生也老了
自殺通告,5.0,還可以
自殺通告,4.5,電影從教育體制的成績比較，延伸至社會體制框架之議題。無論你是誰、處於什麼身份地位，都非常推薦進戲院去觀賞，這部電影能讓人有許多不同視角的思考與探討。
自殺通告,5.0,影片開場氣勢很強；題材乍看很像日本或韓國片，但其實有走出自己的風格。雖然討論的是教育體制，但放在社會體制思考也很有意思。很推薦的片！
自殺通告,4.0,沉重的議題，值得社會省思。劇情還行，有點致鬱。
自殺通告,4.0,單一的評核，不擇手段達到目的是否就是唯一選擇，人的多樣性是否就不能容於社會，我們有什麼選擇？電影很流暢緊湊，一直牽著情緒，很有共鳴。
自殺通告,4.0,"裡面內容值得人深思：
人活著的意義是什麼？"
自殺通告,5.0,其實蠻好看的，雖然可能跟真實情況有點落差，但故事裡面角色都呈現出自己的掙扎，都是這個體制下的受害者與加害者，可惜場次跟聲量太少了，是值得看的電影
自殺通告,5.0,Taiwan can help🤣🤣🤣🤣🤣🤣🤣🤣🤣
自殺通告,5.0,Taiwan can help🤣🤣🤣🤣🤣🤣🤣🤣🤣
哈姆奈特,4.5,潔西伯克利的演出很棒，對丈夫的喜愛，不解到諒解很感人
哈姆奈特,5.0,"這部電影光是預告片就已經令人感動，女主角、男主角、孩子哈姆奈特，這3位演員都為角色帶來具有爆發力且精彩的演技。
還有電影的配樂太美了，沒有台詞的片段，只有演員的表演+配樂，整個電影氛圍超好哭。
原來莎士比亞寫的著名悲劇 哈姆雷特 是為了紀念兒子。這不只是一個悲傷的故事，也是一個令人感動的故事。
第一次看到這麼好看、好哭、又感動的文藝劇情片。
Jessie Buckley獲得多項最佳女主角獎，真的是實至名歸。"
哈姆奈特,4.0,"看完全片覺得
演得最棒的是男主角：
戲中飾演歷史上最偉大的劇作家威廉·莎士比亞的愛爾蘭男星保羅麥斯卡（Paul Mescal）
他和女主角的互動讓人動容
是一部很有深度的電影喔🎬"
驚聲尖叫7,2.5,反派真的都S於話多…
驚聲尖叫7,4.0,普通。沒有恐怖
驚聲尖叫7,1.0,"抱歉
我只能給一顆星
很無言"
驚聲尖叫7,3.5,已經走鐘了。
驚聲尖叫7,2.5,"普通啦！就連假的消遣之一？！
我比較欣賞某位男性的生命力！深感佩服！"
驚聲尖叫7,3.5,我會給這個分數是因為我對它前面幾集的那一種情感連結，如果拋開這點，這一集其實我大概只會給4～5
驚聲尖叫7,2.5,"前幾集從來沒看過！
看這集不會狀況外，只是劇情就這樣。開腸破肚是有驚奇到。
就血腥，但不至於不舒服！
想消遣的話可以來看！不然這種類型的電影下片後，也只能在付費平台看一刀未剪版的而已。"
驚聲尖叫7,3.5,這次血噴滿多
驚聲尖叫7,4.0,跟前六集差不多的套路，牽強與離譜並存，不過看到老明星回歸還是很感動，兇手猜到一個另一個倒是沒猜到，這個系列也陪我走過了漫長的歲月，感動
驚聲尖叫7,5.0,劇情對我來說一半刺激一半驚悚
驚聲尖叫7,5.0,"這次是過去看IMAX版本，可以看見是原班人馬加上新成員加入唉呦不錯哦！😏
一開始是無辜路人甲領便當，再來是女主角家人朋友愛人深受其害，到最後是女主角親自殺死歷代鬼臉殺手通通下地獄蠻屌哦！😎
這次結果是女主角母女加上她現任老公親自解決（跟過去一樣是2個。）鬼臉殺手皆大歡喜！🏆🎊
如果你們想知道兇手是誰，恐怕你們要去看到最後就會知道答案哦！🤫
因為今天是放228連假看完這部Movie🎦，有興趣的話可以過去欣賞也無妨。😍🥰"
驚聲尖叫7,2.5,劇情老套無新意
驚聲尖叫7,4.5,可怕
捕風追影,5.0,非常好看的電影，其中也看得出，對岸的影視傳承，台灣該檢討為什麼那麼多年，我們還是只出名89系列的流氓電影！
捕風追影,5.0,我其實已經線上看完這部了，但因為真的太好看，所以台灣之前宣布準備要上映的時候我整個超級興奮，一定要去電影院看的啦🤩
捕風追影,5.0,"超級好看，成龍這次培養新人、又加上AI元素、心機鬥智、真的沒任何冷場。
反派，影子男主角的演技超棒。"
捕風追影,5.0,超级好看
捕風追影,4.5,"非常好看！ 大推！
看到成龍和梁家輝ㄧ把年紀了還搏命演出，有夠精彩！ 然後此沙超帥的！"
捕風追影,5.0,非常推！之前在線上已經兩刷了 知道台灣會上映後馬上去三刷 後面有時間還打算四刷 真的超級好看 內容很有趣 超級推薦看！
捕風追影,5.0,"反派角色是這部戲的亮點 養子團打戲真材實料
梁家輝 文俊輝 帥氣"
捕風追影,5.0,和女友去電影看完後，覺得成龍和梁家輝2位頭兒的氣場和實打實的動作交鋒真的很過癮，再搭上現今的AI辨識分析技術，一整個看下來真的過癮！
捕風追影,4.0,還的是成龍大哥 小時候真的喜歡的演的電影😂😂
捕風追影,5.0,果然，成龍加入的電影真的不錯看！有加入AI與特效
捕風追影,5.0,真的很好看 沒冷場
捕風追影,5.0,"無冷場,動作場面依然精彩"
捕風追影,5.0,這好看
捕風追影,4.5,好看，沒冷場。
捕風追影,5.0,"真的很推！！
老演員和新生代演員對打動作精彩"
捕風追影,5.0,"一起期待能在台上映
終於得償所願
真的非常好看
大推大推！！！"
捕風追影,5.0,打戲超多超好看，兩大主演成龍跟梁家輝氣場超強大
捕風追影,4.5,好看沒冷場
捕風追影,4.5,"我覺得超好看的！
劇情很緊湊 刺激，有留下伏筆
值得一看"
捕風追影,5.0,這好看，可看
捕風追影,5.0,節奏緊湊 劇情很棒 沒有冷場
捕風追影,5.0,為了影帝梁家輝～趕緊衝戲院～就是讚啦👍
捕風追影,5.0,超好看
捕風追影,4.5,"梁家輝跟成龍兩大影帝同台飆戲
完全值得去影廳細細品嚐
只可惜粵語的場次太少了"
捕風追影,5.0,很好看
捕風追影,4.5,今天去威秀看捕風捉影，本來以為都很少人看結果幾乎滿的，這部應該算是近期最好看的中國電影，劇情流暢、緊湊幾乎沒冷場，但場次真的太少！
捕風追影,5.0,"太好看了
只是百思不解
為什麼場次這麼少"
捕風追影,5.0,是警匪片最好看的，期待續集！
捕風追影,5.0,不錯看
捕風追影,5.0,場次很少，也沒看到什麼宣傳。因為看評價蠻高的，決定去看。比想像好看很多，大陸還是香港好像上映蠻久了，台灣幾乎沒看到宣傳。算動作爽片，全程幾乎無冷場，梁家輝演技真的值得看，成龍也是好久沒看到了！
再見UFO,5.0,電影把香港最美的樣子留下來了，海景很漂亮，有空一定去看看！碰巧遇到導演出席的場，才知道原來當年當地真的有許多人看見UFO，對他們來說，UFO不是寓言而是回憶，覺得很有趣！
末路雙嬌,1.0,節奏太慢，水準不高
末路雙嬌,5.0,好看🤩
末路雙嬌,4.5,看完還會有點緊張的感覺
犯罪101,4.0,"想看動作爽片可能要失望了…..
因為它是一部值得細細品味的電影，
有刺激，有浪漫，有人性，有黑暗，還有陽光，
整部行雲流水，水準之上。"
犯罪101,5.0,"我覺得這部很有深度ㄟ👍 不是無腦爽片
有故事、寫實的犯罪懸疑電影，很好看。
有美國犯罪影集的感覺
在每個體系下不得不妥協的無奈感
最後結局我喜歡💕❤️❤️"
犯罪101,4.5,好看。有雷雷及綠巨人。
犯罪101,5.0,滿刺激的，自己覺得滿好看的，可惜看的人好像不多
犯罪101,5.0,我覺得蠻好看的，很多人說看不懂，那我來解說一下好了，看到男主角是雷神超帥，他因為從小家裡很窮，所以他覺得他只能幫人搶珠寶當搶匪的工作，之後卻被自己信任的人黑吃黑，最後警官也想幫助一位做保險的女生，把真的鑽石送給她，警官也放雷神走，最後雷神送警官一台老車，警官還很開心，我覺得劇情還算不錯，而且那位警官去練瑜珈好好笑，那邊我還一直笑，在追車的過程還蠻刺激的🤭
犯罪101,4.0,還不錯看，但劇情還是不太夠緊湊，2小時20分演這些內容太拖戲，那段跟主題無關的愛情約會若刪掉會更流暢，若縮短到100分鐘就很刺激了。
犯罪101,4.0,怎麼有羊駝一直吐口水🦙💦
犯罪101,5.0,比想像中好看！演員演技精湛，劇情緊湊有深度，走出電影院仍令人回味無窮
犯罪101,3.5,"劇情還可以
但背景音樂滿會製造氣氛的"
犯罪101,3.5,劇情中規中矩，結局皆大歡喜，不算特別出彩，不過能夠看到一堆大明星也就夠了
犯罪101,4.5,很值得細品的一部作品 雖然不是爽片 但黑與白的寫實境遇都有細膩的詮釋 是需要腦子跟著劇情一起思緒的電影
犯罪101,5.0,全是漫威大英雄
犯罪101,3.0,是否經費都花在卡司上面了，劇情實在是差強人意，度孤了好幾次😅
犯罪101,4.5,好看的大卡司
犯罪101,1.0,看了30分後，超冷場不知拖戲還是我睡神呼喚著我……哈哈！！
犯罪101,1.0,好拖的劇情，很努力忍住不睡著，明明卡司這麼強。唉......
犯罪101,3.5,劇情還好
犯罪101,2.0,"一開始就看不懂在演什麼？
收場也胡亂收一通"
魅影巨星,0.5,一言難盡 看不懂
魅影巨星,5.0,"為了A24與ANNE HEATHAWAY，於4月20日下班後衝去看，雙女主角的對手戲，演技細膩與情緒張力爆發相當精彩，劇情懸疑、疑似恐怖故事，但看到後來才發現「鬼魂」是一種象徵與隱喻，暗示兩人相愛的羈絆、兩人曾經的回憶、彼此由愛生恨的不甘心、渴望彼此的陪伴與依戀，種種情感化做牽絆彼此的「鬼魂」，最後雙方坦誠相待化解由愛生恨之心牆、心魔，而各自綻放與展現真實自我的美好，不再是對彼此懷著恨意，而是衷心祝福、鼓舞彼此
A24又製作了一部驚喜卻饒富詩意的好看電影，看得很開心，而且ANNE獻唱的每一首歌曲真的很好聽，歌曲歌詞與劇情發展相契合、引人入勝"
魅影巨星,1.5,"好久沒有一部電影
讓我那麼想快點結束從戲院奪門而出
從頭到尾不知道自己在看什麼"
海街日記,5.0,經典之作!
海街日記,5.0,經典必看，看一次被療癒一次:D
海街日記,5.0,"看完之後心裡有種暖暖的感覺, 不愧是療癒之作"
海街日記,4.5,好看
海街日記,5.0,經典👍
海街日記,5.0,真的好喜歡 想再去鎌倉了
海街日記,5.0,為什麼大家都不會老⋯⋯
海街日記,5.0,讚
海街日記,5.0,非常感人的日系電影，細膩刻畫劇情
海街日記,4.5,很喜愛是枝裕和拍出來的色調風格和作品，刻畫很細膩🥹
海街日記,4.5,👍👍👍
海街日記,5.0,沒想到還有機會在大銀幕重溫這部作品。
海街日記,5.0,👍👍👍
海街日記,5.0,經典
海街日記,5.0,很喜歡。
海街日記,5.0,經典好看
海街日記,5.0,😂
海街日記,5.0,燕
星與月是天上的洞,4.0,"週五下午休假到戲院去看首映
上班時間現場有七位觀眾
其實我當初看了片名
因看不出這是什麼怪片名
且又是日本片
決定先選其他新片來看
但實在找不到適合的
最終還是衝著影評寫道：
它是最成功的原著改編
所以就還是進戲院去瞧瞧👀
但說實話
主要的男女主角演技沒話說
純粹個人認為：
日片的慢節奏。還是覺得吃不消
所以扣一顆星星🌟"
誰想當老大,0.5,第一次看過最爛的韓片!
誰想當老大,0.5,非常非常非常難看
誰想當老大,0.5,爛片
誰想當老大,0.5,非常非常非常極致難看
誰想當老大,5.0,有夠好看
誰想當老大,4.0,劇情緊湊無冷場，蠻搞笑的，音樂也好聽！
誰想當老大,5.0,非常非常非常極致好看
如月車站2,5.0,出第二集了，有朋友說看起來是結束了，也有人說會再出第三集(￣∇￣)～
如月車站2,5.0,都市傳說的恐怖電影，非常好看，推薦
如月車站2,5.0,看完後很期待會不會再有第三集?
如月車站2,5.0,如月車站2延續日本都市傳說的詭譎氣氛，成功放大前作的異界不安感。電影在熟悉的鐵路場景中加入更多未知威脅，營造出壓迫又黏膩的恐懼氛圍。雖然敘事仍偏直線，但角色的心理變化與實體拍攝帶來的真實感，讓整體沉浸度提升，是一部粉絲向但誠意十足的續作。
如月車站2,4.5,可怕😱
如月車站2,5.0,看完三天不敢去車站。
如月車站2,0.5,"天殺的爛片
評價用洗的嗎"
如月車站2,5.0,讚
如月車站2,4.5,重口味，試試!
如月車站2,5.0,延續上一集的詭譎氛圍 故事終於結束了!
如月車站2,5.0,🤙🤙🤙
如月車站2,5.0,這部延續了都市傳說的詭異感，雖然預算感還是很重，但反轉跟結局的設計很有誠意，比起第一集更有驚喜，驚悚味也更濃！
如月車站2,5.0,讚👍
如月車站2,5.0,👍
如月車站2,5.0,👍👍👍
如月車站2,4.5,👏
如月車站2,5.0,沒想到前一集的故事還能這樣延伸！非常精彩的續集。
如月車站2,5.0,😨👍
如月車站2,5.0,😄
如月車站2,5.0,最後一幕太毛骨悚然👍
如月車站2,5.0,值得一看
如月車站2,5.0,好看的電影。女主角明日香真的是一個狠人，最後一次獻祭三千人。如果真的有出第三集，她有可能成為下一個魔王。
如月車站2,5.0,還算不錯，有頭有尾
如月車站2,5.0,"100分
沒有看過第一集的可以上網看五分鐘電影介紹"
如月車站2,5.0,我也想問，會不會出第三集
如月車站2,5.0,"仿照湯姆克魯斯曾經演出的電影”明日邊界”的構想，在死亡後驚醒 又復活回到現實世界，一次次不斷重複, 女主角試著找出破解所有卡關的秘訣。"
如月車站2,0.5,這評價到底真的假的，第一集難看到嚇到
泰殺歌后戰,5.0,"真的沒像到會這麼好看，大概前半小時稍無理頭，之後都蠻好看好笑的,演員間的搞笑、角色內心衝突...歌聲根本天籟~"
泰殺歌后戰,3.5,雖然也是嬉鬧，但比中國功夫好看多了，主角們唱歌都好聽，雖然有些離譜，是今年過年最像賀歲片的電影了
泰殺歌后戰,4.5,看預告覺得還好，看完之後，沒想到那麼好笑，難怪能排上農曆檔期
泰殺歌后戰,5.0,音樂好聽舞蹈動人，散場時，坐後面的小孩問媽媽⋯這麼好看為什麼人這麼少？好音樂餘音繚繞推薦給大家
穿越地獄之門,0.5,"第一次留言 看完覺得很無言 想看的人請三思
可能是我慧根不夠"
穿越地獄之門,4.5,"平反一下 電影配樂是整部電影的靈魂
我自己很喜歡 建議不看任何簡介去看電影
劇情會從平凡瞬間的急轉直下
造成極大的情緒落差 是很新鮮的觀影體驗
整部電影如電影名一樣 貫穿整部電影
另外 演員幾乎都是素人
舉手投足間都充滿生命的歷程及故事
光看這些人物的眼神、肢體、自然的演技
就很充滿魅力了
可惜的是沒有針對人物背後交代更多
但也或許不必要 電影要探討的很深 是對生命的見解
亦或是對戰亂的警世
這是近期自己很愛的一部作品
給這部電影下一個定義 會是：
發人省思的末日公路電影！"
穿越地獄之門,1.0,音響好大聲，劇情好無聊
穿越地獄之門,4.5,前面有點小悶，但越後面越震撼人心，生命是如此脆弱如此短暫。
蠱降,5.0,比想像的好看很多，蠻有警世感的，Kao Kao不是只有臉蛋，演技非常好。
蠱降,5.0,Kao超級婆...全神貫注在他身上
蠱降,5.0,非常好看的泰國恐怖電影，推薦一下
蠱降,5.0,糕好可愛😍有幾個橋段真的蠻可怕的
蠱降,5.0,多國聯合創作，讚！
蠱降,5.0,👍
蠱降,5.0,好久沒有看到有以前港產片風格的降頭題材電影了
蠱降,0.5,沒什麼內容的片子，邪降比較好看
蠱降,4.0,"可以看，但我覺得就中規中矩。
沒有到很噁心、就一般善惡理念的宣導片"
蠱降,5.0,還不錯的東南亞降頭片，推薦！
蠱降,0.5,劇情不憂….
蠱降,4.5,好看。恐怖。片子在長點更棒
蠱降,5.0,下蠱真的可怕
蠱降,5.0,這部真的重口味！整部片充滿獵奇的降頭儀式和噁心的蠱蟲特效，視覺衝擊力超強。雖然劇情邏輯稍微硬傷，但那種陰森、邪門的氛圍營造得很到位，看完真的會對東南亞傳說產生陰影，喜歡獵奇恐怖片的人必看！
蠱降,5.0,👍👍👍
蠱降,5.0,值得一看
蠱降,5.0,👍
蠱降,5.0,讚
蠱降,5.0,表情帝無誤。
蠱降,5.0,😄
蠱降,5.0,讚!
蠱降,0.5,不推，很無聊
蠱降,4.0,打到最後，變成漫威奇異博士？有沒有搞錯？
蠱降,5.0,可怕😱
高雄有顆藍寶石,4.5,遠比想像中好看，而且雖然是紀錄片，但是不管是故事鋪排或紀錄的部分，真的都非常流暢精彩。我看完的那一場，直到最後播完歌曲，觀眾還意猶未盡，久久不能自己。不管有沒有經歷秀場時代，都大大大推薦。
高雄有顆藍寶石,5.0,"很好看 描述那個年代最輝煌的藍寶石
值得觀看 結尾很感動"
尋秦記Plus+多元宇宙版,5.0,25年的回憶
尋秦記Plus+多元宇宙版,5.0,看到秦王在現代香港出現，感覺下集可以走奇異博士風格～😂😂
星光王子 Your Endless Call! 一起閃耀！Prism☆Tours,5.0,"非常享受的一部作品，只要認識任何一代星光系列的粉絲必看
已經準備多刷了"
秒速5公分(導演特別映像版),5.0,秒速5公分再次重返大銀幕，情緒依舊安靜卻深刻。新海誠用細膩的畫面與時間距離，描寫那些沒說出口的喜歡與錯過。導演特別映像版讓情感層次更沉澱，每一次列車經過、櫻花飄落，都像提醒著成長的代價。有些人不是不愛了，只是再也走不到同一個速度。
秒速5公分(導演特別映像版),5.0,加上了導演特別映像，看完非常感動，好像真的身歷其境在電影中。秒速5公分真的是神作
秒速5公分(導演特別映像版),5.0,前陣子才上戲院看秒速5公分真人版，沒想到等到動畫版重映!必須好好回味qq
秒速5公分(導演特別映像版),5.0,神作回歸! 大銀幕就是要看爆!
秒速5公分(導演特別映像版),5.0,讚
秒速5公分(導演特別映像版),5.0,導演版確實很不一樣
秒速5公分(導演特別映像版),5.0,一定要看的吧？
秒速5公分(導演特別映像版),5.0,經典👍
秒速5公分(導演特別映像版),5.0,是一部屬於青春的電影
秒速5公分(導演特別映像版),5.0,真的是憂鬱美學的天花板！畫面美到每一秒都能當桌布，但劇情卻殘酷到讓人心碎。那種「即使互傳千封簡訊，心卻沒靠近一公分」的距離感，精準捕捉了初戀的遺憾。看完後，對著平交道真的會莫名發呆很久。
秒速5公分(導演特別映像版),5.0,值得一看
秒速5公分(導演特別映像版),5.0,推
秒速5公分(導演特別映像版),5.0,👍👍👍
秒速5公分(導演特別映像版),5.0,非常好看的電影，推薦一下
秒速5公分(導演特別映像版),5.0,👍
秒速5公分(導演特別映像版),5.0,☺️👍
秒速5公分(導演特別映像版),5.0,經典就是要在大螢幕上看
秒速5公分(導演特別映像版),5.0,很喜歡，感覺被療癒了。
秒速5公分(導演特別映像版),5.0,胃痛
秒速5公分(導演特別映像版),5.0,😄
弒婚遊戲：2度開局,3.5,"覺得第一集比較新鮮有趣，第二集的反派感覺有點雷聲大雨點小...
不過同樣惡趣味打殺片，個人覺得整體表現比他們要殺你好些！"
弒婚遊戲：2度開局,4.0,劇情流暢度不錯，夠狗血，值得一看。
弒婚遊戲：2度開局,2.5,還是第一集比較好看
弒婚遊戲：2度開局,4.5,好看，節奏很快
弒婚遊戲：2度開局,5.0,好看
弒婚遊戲：2度開局,5.0,很好看 結局非常帥
弒婚遊戲：2度開局,5.0,我覺得還不錯看，比起精彩度當然第一集比較精彩，不過第二集的內容也滿不錯的
弒婚遊戲：2度開局,4.5,追殺遊戲。殺好。殺滿
弒婚遊戲：2度開局,4.5,我本來預期第二集會無法超越，甚至加入妹妹會拖累女主的俐落感，但結果整體看起來還是很精彩，一樣有刺激、血腥、出乎意料，是值得推薦，好看的爽片🤩🤩
弒婚遊戲：2度開局,5.0,爽片
弒婚遊戲：2度開局,4.0,"感覺還能有後續 不錯看
只是血腥程度我覺得第一集比較重"
弒婚遊戲：2度開局,5.0,超越第一集，更精彩，更刺激。
弒婚遊戲：2度開局,5.0,好看～反殺過程再拉長會更過癮！
弒婚遊戲：2度開局,4.5,比第一集好看
弒婚遊戲：2度開局,5.0,爽片
弒婚遊戲：2度開局,4.5,覺得好看！沒有冷場！殺好殺滿。血腥到味
弒婚遊戲：2度開局,3.5,還行，但沒什麼爆點，看完就忘了
弒婚遊戲：2度開局,4.0,可以去看看！但我覺得普通啦，雖然有姐妹情深的議題
弒婚遊戲：2度開局,5.0,很精彩好看 女主角那一雙靈動的藍眼睛很有戲
弒婚遊戲：2度開局,2.0,不推👎
總統的蛋糕,5.0,從一個市井小民的眼睛，看伊拉克這個國家～主角小孩們的視角和大人不同，全篇沒有沈重的控訴，但可以看出窮困與不義～
機動戰士鋼彈 閃光的哈薩威 喀耳刻的魔女,0.5,沒有意思了！不是熟悉的相關的 TV的人物。只有鋼彈還可以，表現太馬馬虎虎了。但是，劇情發展普通的，不足以前的鋼彈 W的劇場版，主題發展，表現人物關係，鋼彈戰鬥熱翻天的。
機動戰士鋼彈 閃光的哈薩威 喀耳刻的魔女,5.0,肯尼斯還是很帥
機動戰士鋼彈 閃光的哈薩威 喀耳刻的魔女,5.0,哈薩威需要看醫生
邪降：覺醒,5.0,"復仇的血腥程度超標⋯
降頭的法力超邪門的！好看很爽ㄉ片🔥"
邪降：覺醒,4.5,滿噁，好看
邪降：覺醒,4.0,邪降5(【邪降：覺醒】；Panor 2)比邪降4(【邪降女帝】；黑煞女)的表現更好多了，包含有意義的劇情、豐富的法術、主角表演極好。
邪降：覺醒,5.0,推給喜歡噁心畫面和大開殺戒的人🥹
邪降：覺醒,4.5,昨天才去看超好看的，爽度破表
邪降：覺醒,3.5,女主角演得很好，其他人的演技會一直讓人出戲……不得不說，邪降還是初代潘老師那系列最經典啊～現在太多特效，又做得不好，明顯很假
邪降：覺醒,4.5,好噁 但是還不錯看
邪降：覺醒,5.0,好看爆！恐怖又血腥，降頭獵殺超爽
邪降：覺醒,5.0,恐怖。殺到爆。受不了。太好看。。粉猛。快來看別等了
邪降：覺醒,5.0,超噁心超可怕的，所有人都會下降頭也是蠻厲害的👍
邪降：覺醒,2.0,"浪費時間 浪費錢去看吐昆蟲🐛 推薦去浪費時間
結局無法接受"
深度安靜,5.0,"值得推薦
用「深度安靜」的心 去理解劇中演員/導演要傳遞的故事
很多無法表達或透露的心事 即使記憶已剩片段
但～
哪一天或 一個點 一句話 會引爆的 也會使人失控"
深度安靜,2.5,我覺得不好看
深度安靜,3.0,拍攝背景太過凸顯恐懼。林依晨的表達深刻，
深度安靜,5.0,我•沒•電•了
深度安靜,5.0,一部值得安靜品味的電影。導演有在訪談中提到，林依晨並非自殺，所以整部片看完到回家後都還在細細品味這件事，是一部看完餘韻綿長的電影。
深度安靜,3.5,🇹🇼
深度安靜,1.5,這3分是給張孝全的。看得很痛苦，什麼都不說，什麼都壓抑，讓人無所適從。
深度安靜,1.0,深度緩慢，深度催眠
深度安靜,0.5,電影內容跟片名無違和感
心機特務,5.0,溫馨感人，細膩描寫每一個心動時分！小女孩活潑自然深得我心🥳
心機特務,5.0,打發時間 劇情滿好笑的也不無聊
